qid,pid,score
19335,1000959,12.0
19335,97739,9.0
19335,909822,9.0
19335,542347,9.0
19335,491120,9.0
19335,734245,8.0
19335,387427,8.0
19335,1000079,8.0
19335,45696,8.0
19335,775468,8.0
19335,373498,7.0
19335,208011,7.0
19335,37595,7.0
19335,55905,7.0
19335,385859,7.0
19335,996938,7.0
19335,734242,7.0
19335,418065,7.0
19335,430828,7.0
19335,617668,7.0
19335,186957,7.0
19335,332773,7.0
19335,526577,7.0
19335,166425,7.0
19335,317313,7.0
19335,463712,7.0
19335,89938,7.0
19335,949720,7.0
19335,452117,7.0
19335,903639,7.0
19335,36725,7.0
19335,571001,7.0
19335,947067,7.0
19335,20073,7.0
19335,493412,7.0
19335,499216,7.0
19335,1000109,7.0
19335,836259,7.0
19335,582605,6.0
19335,582606,6.0
19335,1002912,6.0
19335,501423,6.0
19335,496355,6.0
19335,1000113,6.0
19335,1002149,6.0
19335,211268,6.0
19335,401950,6.0
19335,923797,6.0
19335,430113,6.0
19335,377688,6.0
19335,547769,6.0
19335,544110,6.0
19335,858581,6.0
19335,17433,6.0
19335,534959,6.0
19335,68421,6.0
19335,68427,6.0
19335,734244,6.0
19335,922873,6.0
19335,415505,6.0
19335,913801,6.0
19335,307188,6.0
19335,745760,6.0
19335,736386,6.0
19335,330241,6.0
19335,467943,6.0
19335,307183,6.0
19335,944108,6.0
19335,119508,6.0
19335,965594,6.0
19335,211277,6.0
19335,582603,6.0
19335,567743,6.0
19335,116440,5.0
19335,572656,5.0
19335,570010,5.0
19335,617270,5.0
19335,607024,5.0
19335,202542,5.0
19335,584350,5.0
19335,608609,5.0
19335,870117,5.0
19335,797349,5.0
19335,210843,5.0
19335,247764,5.0
19335,329678,5.0
19335,736389,5.0
19335,736392,5.0
19335,554424,5.0
19335,521005,5.0
19335,1000087,5.0
19335,1000046,5.0
19335,329672,5.0
19335,677297,5.0
19335,324178,5.0
19335,978229,5.0
19335,338960,5.0
19335,297455,5.0
19335,952696,5.0
19335,736388,5.0
47923,321676,24.0
47923,1000240,21.0
47923,1000272,16.0
47923,1000239,15.0
47923,76744,15.0
47923,1000234,15.0
47923,1000214,14.0
47923,943800,14.0
47923,420479,13.0
47923,1000227,13.0
47923,711023,13.0
47923,291226,13.0
47923,367849,13.0
47923,586119,13.0
47923,711631,13.0
47923,458723,13.0
47923,1000178,12.0
47923,692469,12.0
47923,611271,12.0
47923,773129,12.0
47923,143803,12.0
47923,1000256,12.0
47923,479582,12.0
47923,997854,12.0
47923,76738,12.0
47923,1000959,12.0
47923,870518,12.0
47923,284591,12.0
47923,37206,11.0
47923,711020,11.0
47923,1000171,11.0
47923,320945,11.0
47923,1000173,11.0
47923,130707,11.0
47923,649341,11.0
47923,981992,11.0
47923,692467,11.0
47923,138213,11.0
47923,768529,11.0
47923,712785,11.0
47923,60503,11.0
47923,586117,11.0
47923,847231,11.0
47923,714753,11.0
47923,829489,11.0
47923,663643,10.0
47923,291219,10.0
47923,703847,10.0
47923,712784,10.0
47923,711632,10.0
47923,860048,10.0
47923,702961,10.0
47923,245432,10.0
47923,215058,10.0
47923,768534,10.0
47923,830173,10.0
47923,785304,10.0
47923,968639,10.0
47923,763741,10.0
47923,736760,10.0
47923,466101,10.0
47923,19936,10.0
47923,219295,10.0
47923,711627,10.0
47923,189201,10.0
47923,429212,10.0
47923,789291,10.0
47923,429496,10.0
47923,564592,10.0
47923,458720,10.0
47923,829484,10.0
47923,1000211,10.0
47923,363885,9.0
47923,533062,9.0
47923,97739,9.0
47923,848348,9.0
47923,76127,9.0
47923,76129,9.0
47923,389416,9.0
47923,811154,9.0
47923,1007933,9.0
47923,875778,9.0
47923,429207,9.0
47923,711024,9.0
47923,151557,9.0
47923,96883,9.0
47923,479577,9.0
47923,164876,9.0
47923,542347,9.0
47923,711628,9.0
47923,317503,9.0
47923,566680,9.0
47923,991600,9.0
47923,353652,9.0
47923,1000273,9.0
47923,1000274,9.0
47923,252406,9.0
47923,638649,9.0
47923,455237,9.0
47923,576399,9.0
87181,164629,25.0
87181,345680,21.0
87181,236589,20.0
87181,674882,17.0
87181,186508,17.0
87181,24552,17.0
87181,690079,16.0
87181,905338,16.0
87181,528349,15.0
87181,1000350,15.0
87181,846206,15.0
87181,131144,15.0
87181,239555,15.0
87181,425887,15.0
87181,451544,14.0
87181,528348,14.0
87181,489769,14.0
87181,311081,14.0
87181,908293,14.0
87181,870238,14.0
87181,500778,14.0
87181,128269,14.0
87181,606837,14.0
87181,774615,14.0
87181,300586,14.0
87181,744899,14.0
87181,1000322,14.0
87181,300595,14.0
87181,828641,14.0
87181,131147,14.0
87181,289655,14.0
87181,289648,14.0
87181,930705,14.0
87181,381914,13.0
87181,204310,13.0
87181,381913,13.0
87181,778449,13.0
87181,623191,13.0
87181,230621,13.0
87181,883411,13.0
87181,289652,13.0
87181,899903,13.0
87181,589053,13.0
87181,1000387,13.0
87181,204305,13.0
87181,984710,13.0
87181,114158,13.0
87181,399293,13.0
87181,770907,13.0
87181,684259,13.0
87181,79801,13.0
87181,770914,13.0
87181,1000362,12.0
87181,458604,12.0
87181,584296,12.0
87181,770910,12.0
87181,461362,12.0
87181,584672,12.0
87181,584678,12.0
87181,194742,12.0
87181,27843,12.0
87181,815216,12.0
87181,815218,12.0
87181,531638,12.0
87181,500777,12.0
87181,44435,12.0
87181,601888,12.0
87181,948770,12.0
87181,720813,12.0
87181,193522,12.0
87181,1000333,12.0
87181,287527,12.0
87181,997970,12.0
87181,478866,12.0
87181,991209,12.0
87181,997964,12.0
87181,469991,12.0
87181,1000297,12.0
87181,167554,12.0
87181,552141,12.0
87181,823018,12.0
87181,636607,12.0
87181,254899,12.0
87181,254900,12.0
87181,654439,12.0
87181,397088,12.0
87181,172281,12.0
87181,10574,12.0
87181,721431,12.0
87181,489770,12.0
87181,489771,12.0
87181,988538,12.0
87181,481035,12.0
87181,921569,12.0
87181,606835,12.0
87181,113522,12.0
87181,480158,12.0
87181,770913,11.0
87181,571906,11.0
87181,807824,11.0
87452,690079,16.0
87452,528349,14.0
87452,128269,14.0
87452,744899,14.0
87452,381914,13.0
87452,984710,13.0
87452,381913,13.0
87452,451544,13.0
87452,528348,13.0
87452,193522,12.0
87452,127802,11.0
87452,435758,11.0
87452,981183,11.0
87452,984706,11.0
87452,636607,11.0
87452,968282,11.0
87452,171747,11.0
87452,545114,11.0
87452,422979,10.0
87452,705283,10.0
87452,693005,10.0
87452,337959,10.0
87452,473856,10.0
87452,302670,10.0
87452,381908,10.0
87452,42322,10.0
87452,1003907,10.0
87452,1000472,10.0
87452,1000434,10.0
87452,129475,10.0
87452,115265,10.0
87452,115264,10.0
87452,826949,10.0
87452,494021,10.0
87452,788025,10.0
87452,119892,10.0
87452,735118,10.0
87452,729896,10.0
87452,515770,10.0
87452,416290,9.0
87452,171153,9.0
87452,693010,9.0
87452,506999,9.0
87452,35545,9.0
87452,972700,9.0
87452,432216,9.0
87452,690072,9.0
87452,630781,9.0
87452,208240,9.0
87452,422983,9.0
87452,1000473,9.0
87452,1001590,9.0
87452,187822,9.0
87452,475605,9.0
87452,135082,9.0
87452,658824,9.0
87452,385088,9.0
87452,239128,9.0
87452,87180,9.0
87452,838053,9.0
87452,327374,9.0
87452,323990,9.0
87452,785242,9.0
87452,400658,9.0
87452,962528,9.0
87452,666596,9.0
87452,549397,9.0
87452,279886,9.0
87452,588291,9.0
87452,422978,9.0
87452,1000487,9.0
87452,1001906,9.0
87452,684210,9.0
87452,534716,9.0
87452,821739,9.0
87452,249626,9.0
87452,534719,9.0
87452,155015,9.0
87452,168619,8.0
87452,975189,8.0
87452,1001798,8.0
87452,258920,8.0
87452,98050,8.0
87452,689411,8.0
87452,807284,8.0
87452,805977,8.0
87452,505251,8.0
87452,338869,8.0
87452,909025,8.0
87452,212017,8.0
87452,49113,8.0
87452,312946,8.0
87452,624921,8.0
87452,271813,8.0
87452,987625,8.0
87452,778091,8.0
87452,224744,8.0
87452,277997,8.0
87452,144710,8.0
87452,144713,8.0
104861,910411,25.0
104861,53092,23.0
104861,459676,23.0
104861,916188,22.0
104861,176543,22.0
104861,1000680,22.0
104861,733521,21.0
104861,154974,20.0
104861,617512,20.0
104861,828641,20.0
104861,892364,20.0
104861,910412,20.0
104861,1000777,20.0
104861,910413,20.0
104861,453449,19.0
104861,899064,19.0
104861,814793,18.0
104861,1000560,18.0
104861,317930,18.0
104861,916190,18.0
104861,453451,18.0
104861,1000742,18.0
104861,264563,18.0
104861,570518,17.0
104861,181317,17.0
104861,528327,17.0
104861,1000750,17.0
104861,379545,17.0
104861,453452,17.0
104861,814791,17.0
104861,459675,17.0
104861,181319,17.0
104861,796778,17.0
104861,460843,17.0
104861,819912,16.0
104861,459683,16.0
104861,334169,16.0
104861,505006,16.0
104861,531750,16.0
104861,163627,16.0
104861,697117,16.0
104861,819919,16.0
104861,1006874,16.0
104861,272940,16.0
104861,595470,16.0
104861,366155,16.0
104861,363781,16.0
104861,519518,16.0
104861,97277,16.0
104861,211206,16.0
104861,334164,16.0
104861,272942,16.0
104861,580475,16.0
104861,163633,16.0
104861,640888,16.0
104861,175676,16.0
104861,489944,15.0
104861,814798,15.0
104861,718093,15.0
104861,1000714,15.0
104861,1000788,15.0
104861,396742,15.0
104861,765774,15.0
104861,519514,15.0
104861,459678,15.0
104861,120545,15.0
104861,149137,15.0
104861,352750,15.0
104861,453453,15.0
104861,875141,15.0
104861,166546,15.0
104861,761990,14.0
104861,729909,14.0
104861,307977,14.0
104861,580481,14.0
104861,434113,14.0
104861,892366,14.0
104861,660179,14.0
104861,645930,14.0
104861,885522,14.0
104861,204618,14.0
104861,278753,14.0
104861,970118,14.0
104861,696960,14.0
104861,693027,14.0
104861,334166,14.0
104861,334172,14.0
104861,988597,14.0
104861,988598,14.0
104861,528334,14.0
104861,306913,14.0
104861,560165,14.0
104861,988594,14.0
104861,819914,14.0
104861,97280,14.0
104861,718097,14.0
104861,660176,14.0
104861,580476,14.0
104861,167997,14.0
104861,814797,13.0
130510,1000959,12.0
130510,542347,9.0
130510,491120,9.0
130510,97739,9.0
130510,724961,8.0
130510,387427,8.0
130510,45696,8.0
130510,37595,7.0
130510,385859,7.0
130510,186957,7.0
130510,571001,7.0
130510,1000893,7.0
130510,418065,7.0
130510,208011,7.0
130510,166425,7.0
130510,36725,7.0
130510,463712,7.0
130510,373498,7.0
130510,836259,7.0
130510,452117,7.0
130510,499216,7.0
130510,863001,7.0
130510,526577,7.0
130510,203721,7.0
130510,617668,7.0
130510,996938,7.0
130510,317313,7.0
130510,20073,7.0
130510,955702,7.0
130510,947067,7.0
130510,949720,7.0
130510,332773,7.0
130510,55905,7.0
130510,567743,6.0
130510,401950,6.0
130510,399707,6.0
130510,922873,6.0
130510,775468,6.0
130510,955706,6.0
130510,1000834,6.0
130510,68421,6.0
130510,68427,6.0
130510,119508,6.0
130510,913801,6.0
130510,944108,6.0
130510,582603,6.0
130510,582605,6.0
130510,582606,6.0
130510,377688,6.0
130510,923797,6.0
130510,17433,6.0
130510,415505,6.0
130510,745760,6.0
130510,863002,6.0
130510,863003,6.0
130510,544110,6.0
130510,657854,6.0
130510,496355,6.0
130510,501423,6.0
130510,799645,6.0
130510,768253,6.0
130510,1000905,6.0
130510,330241,6.0
130510,247764,5.0
130510,768255,5.0
130510,324178,5.0
130510,942687,5.0
130510,221455,5.0
130510,993112,5.0
130510,859662,5.0
130510,799647,5.0
130510,797349,5.0
130510,799005,5.0
130510,815703,5.0
130510,221451,5.0
130510,88470,5.0
130510,468582,5.0
130510,481458,5.0
130510,471939,5.0
130510,651614,5.0
130510,377682,5.0
130510,377685,5.0
130510,996732,5.0
130510,608609,5.0
130510,607024,5.0
130510,733380,5.0
130510,364962,5.0
130510,364955,5.0
130510,364956,5.0
130510,989392,5.0
130510,989393,5.0
130510,521005,5.0
130510,722761,5.0
130510,166423,5.0
130510,469975,5.0
130510,687886,5.0
130510,172611,5.0
130510,582602,5.0
130510,580205,5.0
130510,338960,5.0
131843,1000959,12.0
131843,97739,9.0
131843,491120,9.0
131843,542347,9.0
131843,45696,8.0
131843,387427,8.0
131843,55905,7.0
131843,208011,7.0
131843,571001,7.0
131843,949720,7.0
131843,418065,7.0
131843,20073,7.0
131843,166425,7.0
131843,317313,7.0
131843,996938,7.0
131843,947067,7.0
131843,463712,7.0
131843,526577,7.0
131843,617668,7.0
131843,452117,7.0
131843,385859,7.0
131843,499216,7.0
131843,836259,7.0
131843,332773,7.0
131843,186957,7.0
131843,373498,7.0
131843,37595,7.0
131843,36725,7.0
131843,582603,6.0
131843,582605,6.0
131843,582606,6.0
131843,775468,6.0
131843,496355,6.0
131843,501423,6.0
131843,544110,6.0
131843,17433,6.0
131843,377688,6.0
131843,923797,6.0
131843,119508,6.0
131843,922873,6.0
131843,415505,6.0
131843,913801,6.0
131843,68427,6.0
131843,68421,6.0
131843,944108,6.0
131843,330241,6.0
131843,745760,6.0
131843,567743,6.0
131843,401950,6.0
131843,722761,5.0
131843,797349,5.0
131843,377685,5.0
131843,978229,5.0
131843,469975,5.0
131843,324178,5.0
131843,481458,5.0
131843,338960,5.0
131843,37174,5.0
131843,733380,5.0
131843,608609,5.0
131843,617270,5.0
131843,93388,5.0
131843,521005,5.0
131843,989393,5.0
131843,651614,5.0
131843,377682,5.0
131843,711765,5.0
131843,166423,5.0
131843,202542,5.0
131843,767292,5.0
131843,582602,5.0
131843,297455,5.0
131843,607024,5.0
131843,570010,5.0
131843,172611,5.0
131843,703497,5.0
131843,989392,5.0
131843,572656,5.0
131843,247764,5.0
131843,791266,4.0
131843,240330,4.0
131843,239921,4.0
131843,238498,4.0
131843,237919,4.0
131843,44006,4.0
131843,820413,4.0
131843,797352,4.0
131843,790111,4.0
131843,995200,4.0
131843,105296,4.0
131843,602432,4.0
131843,602405,4.0
131843,604294,4.0
131843,598997,4.0
131843,589160,4.0
131843,109316,4.0
131843,585652,4.0
131843,585656,4.0
131843,870895,4.0
131843,300541,4.0
146187,867197,13.0
146187,1001139,11.0
146187,497621,10.0
146187,1001103,10.0
146187,37382,10.0
146187,1001083,9.0
146187,564810,8.0
146187,34556,8.0
146187,744165,7.0
146187,1001157,7.0
146187,985493,7.0
146187,356849,7.0
146187,1001155,7.0
146187,826081,7.0
146187,781509,7.0
146187,193332,7.0
146187,419414,7.0
146187,82089,7.0
146187,576868,7.0
146187,985254,7.0
146187,1001151,7.0
146187,613286,7.0
146187,1001150,7.0
146187,611408,7.0
146187,907501,7.0
146187,638024,7.0
146187,348212,7.0
146187,292914,7.0
146187,148113,7.0
146187,150488,7.0
146187,278418,7.0
146187,1001158,6.0
146187,725580,6.0
146187,855873,6.0
146187,914590,6.0
146187,598191,6.0
146187,575184,6.0
146187,575188,6.0
146187,137924,6.0
146187,137928,6.0
146187,898717,6.0
146187,1001047,6.0
146187,1001049,6.0
146187,58379,6.0
146187,1001050,6.0
146187,948919,6.0
146187,518182,6.0
146187,1001064,6.0
146187,413063,6.0
146187,413065,6.0
146187,130859,6.0
146187,371012,6.0
146187,1001042,6.0
146187,1001145,6.0
146187,556834,6.0
146187,1001146,6.0
146187,1001097,6.0
146187,423736,6.0
146187,118552,6.0
146187,610306,6.0
146187,63465,6.0
146187,553091,6.0
146187,540270,6.0
146187,37381,6.0
146187,283883,6.0
146187,672070,6.0
146187,34552,6.0
146187,777635,6.0
146187,34553,5.0
146187,181642,5.0
146187,855865,5.0
146187,50392,5.0
146187,1001154,5.0
146187,248553,5.0
146187,168587,5.0
146187,817420,5.0
146187,839741,5.0
146187,638837,5.0
146187,425957,5.0
146187,425716,5.0
146187,672072,5.0
146187,554568,5.0
146187,554572,5.0
146187,907192,5.0
146187,477765,5.0
146187,413064,5.0
146187,370492,5.0
146187,938000,5.0
146187,518185,5.0
146187,596914,5.0
146187,1001132,5.0
146187,1001138,5.0
146187,1001140,5.0
146187,707744,5.0
146187,1001142,5.0
146187,1001144,5.0
146187,76344,5.0
146187,82087,5.0
146187,938001,5.0
146187,984920,5.0
148538,791837,132.0
148538,794350,130.0
148538,278916,128.0
148538,167491,123.0
148538,245475,123.0
148538,493102,123.0
148538,396066,122.0
148538,954487,121.0
148538,427190,121.0
148538,875447,121.0
148538,334684,118.0
148538,1002126,117.0
148538,169013,116.0
148538,473528,116.0
148538,938268,116.0
148538,192014,116.0
148538,595946,115.0
148538,98323,115.0
148538,131277,115.0
148538,888704,114.0
148538,452759,114.0
148538,928670,113.0
148538,595948,113.0
148538,236359,113.0
148538,710596,113.0
148538,372619,112.0
148538,98324,112.0
148538,778449,112.0
148538,447635,112.0
148538,754002,112.0
148538,798860,111.0
148538,643007,111.0
148538,193160,111.0
148538,233094,111.0
148538,447636,110.0
148538,216389,110.0
148538,793200,110.0
148538,595318,110.0
148538,423994,110.0
148538,822460,110.0
148538,491496,110.0
148538,931989,110.0
148538,268071,110.0
148538,229536,110.0
148538,431095,109.0
148538,940047,109.0
148538,474598,108.0
148538,404557,108.0
148538,41213,108.0
148538,822461,107.0
148538,765305,107.0
148538,904937,107.0
148538,152348,107.0
148538,242297,107.0
148538,232590,107.0
148538,245870,107.0
148538,263725,106.0
148538,916898,106.0
148538,294283,106.0
148538,564343,106.0
148538,525408,106.0
148538,22174,106.0
148538,324351,106.0
148538,396065,105.0
148538,319770,105.0
148538,178206,105.0
148538,984380,105.0
148538,233284,105.0
148538,520026,105.0
148538,734242,105.0
148538,517895,105.0
148538,156781,105.0
148538,251632,104.0
148538,351942,104.0
148538,836569,104.0
148538,836891,104.0
148538,384607,104.0
148538,602760,104.0
148538,911910,104.0
148538,34424,104.0
148538,877090,104.0
148538,808069,104.0
148538,380870,104.0
148538,397022,103.0
148538,903639,103.0
148538,757781,103.0
148538,43669,103.0
148538,826384,103.0
148538,730512,103.0
148538,744477,103.0
148538,621383,103.0
148538,75533,103.0
148538,500128,102.0
148538,941605,102.0
148538,385683,102.0
148538,457846,102.0
148538,773108,102.0
148538,729594,102.0
148538,617036,102.0
148538,387215,102.0
156493,131142,16.0
156493,712619,16.0
156493,170107,15.0
156493,131139,15.0
156493,850812,14.0
156493,186452,13.0
156493,815428,13.0
156493,662857,13.0
156493,701550,13.0
156493,563261,13.0
156493,88416,13.0
156493,245176,13.0
156493,185174,13.0
156493,237794,12.0
156493,609578,12.0
156493,111873,12.0
156493,494044,12.0
156493,454684,12.0
156493,496193,12.0
156493,673259,12.0
156493,1001458,11.0
156493,943911,11.0
156493,608498,11.0
156493,1001355,11.0
156493,151324,11.0
156493,237793,11.0
156493,664957,11.0
156493,664953,11.0
156493,128888,11.0
156493,174558,11.0
156493,421619,10.0
156493,160962,10.0
156493,1001488,10.0
156493,815424,10.0
156493,449651,10.0
156493,418312,10.0
156493,945175,10.0
156493,432703,10.0
156493,267108,10.0
156493,778681,10.0
156493,186454,10.0
156493,237524,10.0
156493,173682,10.0
156493,449658,10.0
156493,496189,10.0
156493,572676,10.0
156493,347504,10.0
156493,761751,10.0
156493,224513,10.0
156493,632398,10.0
156493,134300,10.0
156493,35488,10.0
156493,842020,10.0
156493,1001366,10.0
156493,549046,10.0
156493,208426,10.0
156493,292258,10.0
156493,288719,9.0
156493,548665,9.0
156493,932963,9.0
156493,673252,9.0
156493,102311,9.0
156493,750419,9.0
156493,994482,9.0
156493,590633,9.0
156493,723481,9.0
156493,164629,9.0
156493,79000,9.0
156493,656207,9.0
156493,775666,9.0
156493,577158,9.0
156493,147752,9.0
156493,738970,9.0
156493,942074,9.0
156493,634267,9.0
156493,1001388,9.0
156493,490166,9.0
156493,717163,9.0
156493,913353,9.0
156493,959649,9.0
156493,188358,9.0
156493,581612,9.0
156493,853740,9.0
156493,842019,9.0
156493,853742,9.0
156493,853743,9.0
156493,190752,9.0
156493,1001522,9.0
156493,720283,9.0
156493,496187,9.0
156493,267110,9.0
156493,449654,9.0
156493,698045,9.0
156493,36422,9.0
156493,788354,9.0
156493,418310,9.0
156493,815426,9.0
156493,313439,9.0
156493,880381,9.0
156493,694627,9.0
168216,705283,20.0
168216,13499,19.0
168216,1001694,18.0
168216,1001670,18.0
168216,1001679,18.0
168216,1001734,17.0
168216,1001940,17.0
168216,788020,17.0
168216,1001906,16.0
168216,1001925,16.0
168216,1001634,16.0
168216,1001590,16.0
168216,1001585,16.0
168216,689411,16.0
168216,690079,16.0
168216,336628,15.0
168216,1001833,15.0
168216,323990,15.0
168216,1001620,15.0
168216,1001636,15.0
168216,1001872,14.0
168216,1002070,14.0
168216,744899,14.0
168216,641002,14.0
168216,1001712,14.0
168216,1001645,14.0
168216,1001876,14.0
168216,1001571,14.0
168216,492722,14.0
168216,128269,14.0
168216,1001732,14.0
168216,1001890,14.0
168216,528349,14.0
168216,1001929,14.0
168216,1001804,14.0
168216,1001618,14.0
168216,528348,13.0
168216,1001619,13.0
168216,984710,13.0
168216,1001691,13.0
168216,381914,13.0
168216,1001828,13.0
168216,381913,13.0
168216,1002025,13.0
168216,42322,13.0
168216,1001577,13.0
168216,1002020,13.0
168216,1001924,13.0
168216,451544,13.0
168216,1001641,13.0
168216,527955,13.0
168216,147948,12.0
168216,119131,12.0
168216,746509,12.0
168216,870639,12.0
168216,1002018,12.0
168216,1001672,12.0
168216,1001666,12.0
168216,1001635,12.0
168216,302670,12.0
168216,1001728,12.0
168216,1001880,12.0
168216,1001877,12.0
168216,125057,12.0
168216,323991,12.0
168216,193522,12.0
168216,1001931,11.0
168216,171747,11.0
168216,1001810,11.0
168216,1001808,11.0
168216,435758,11.0
168216,470702,11.0
168216,127802,11.0
168216,636607,11.0
168216,565046,11.0
168216,1002022,11.0
168216,545114,11.0
168216,984706,11.0
168216,1001870,11.0
168216,521667,11.0
168216,968282,11.0
168216,981183,11.0
168216,693005,10.0
168216,115265,10.0
168216,115264,10.0
168216,119892,10.0
168216,1001753,10.0
168216,1001816,10.0
168216,1001772,10.0
168216,1001885,10.0
168216,1001980,10.0
168216,1001983,10.0
168216,1001920,10.0
168216,823567,10.0
168216,883291,10.0
168216,1001887,10.0
168216,870647,10.0
168216,1001994,10.0
168216,870641,10.0
168216,473856,10.0
182539,57443,15.0
182539,696519,14.0
182539,1002124,14.0
182539,28458,13.0
182539,797238,12.0
182539,955996,12.0
182539,316895,12.0
182539,740006,12.0
182539,437280,11.0
182539,1002171,11.0
182539,919008,11.0
182539,201916,11.0
182539,1002125,11.0
182539,172902,10.0
182539,454996,10.0
182539,563693,10.0
182539,57447,10.0
182539,1002126,10.0
182539,815344,10.0
182539,48392,10.0
182539,447636,10.0
182539,447635,10.0
182539,48389,10.0
182539,411300,10.0
182539,637449,10.0
182539,196194,9.0
182539,374133,9.0
182539,1002201,9.0
182539,845277,9.0
182539,369951,9.0
182539,316898,9.0
182539,99886,9.0
182539,548503,9.0
182539,98603,9.0
182539,989491,9.0
182539,771921,9.0
182539,57444,9.0
182539,180454,9.0
182539,781045,9.0
182539,447639,9.0
182539,48391,9.0
182539,629610,9.0
182539,872400,9.0
182539,815504,9.0
182539,272947,8.0
182539,815343,8.0
182539,99882,8.0
182539,55770,8.0
182539,686672,8.0
182539,864226,8.0
182539,864015,8.0
182539,23189,8.0
182539,637448,8.0
182539,456279,8.0
182539,190330,8.0
182539,475966,8.0
182539,32506,8.0
182539,779373,8.0
182539,726785,8.0
182539,868157,8.0
182539,381011,8.0
182539,381012,8.0
182539,402186,8.0
182539,875886,8.0
182539,136096,8.0
182539,136099,8.0
182539,495880,8.0
182539,490436,8.0
182539,180453,8.0
182539,502679,8.0
182539,904889,8.0
182539,458130,8.0
182539,458135,8.0
182539,447642,8.0
182539,447643,8.0
182539,917829,8.0
182539,917831,8.0
182539,14273,8.0
182539,410642,8.0
182539,412238,8.0
182539,36729,8.0
182539,36730,8.0
182539,36725,8.0
182539,210874,8.0
182539,439652,8.0
182539,169624,8.0
182539,524908,8.0
182539,568475,8.0
182539,841067,8.0
182539,439658,8.0
182539,919006,8.0
182539,830473,8.0
182539,303941,8.0
182539,313355,8.0
182539,306432,8.0
182539,324484,8.0
182539,316904,8.0
182539,649391,8.0
182539,657957,8.0
182539,662880,8.0
183378,324178,14.0
183378,1000959,12.0
183378,420921,12.0
183378,324175,11.0
183378,501575,11.0
183378,150250,10.0
183378,324177,10.0
183378,806518,9.0
183378,729753,9.0
183378,427083,9.0
183378,542347,9.0
183378,491120,9.0
183378,229682,9.0
183378,97739,9.0
183378,690556,9.0
183378,593496,8.0
183378,387427,8.0
183378,941550,8.0
183378,315227,8.0
183378,946830,8.0
183378,229683,8.0
183378,807311,8.0
183378,45696,8.0
183378,800825,8.0
183378,267393,8.0
183378,617668,7.0
183378,1002381,7.0
183378,947067,7.0
183378,37595,7.0
183378,260956,7.0
183378,260955,7.0
183378,31528,7.0
183378,1002401,7.0
183378,571001,7.0
183378,317313,7.0
183378,324184,7.0
183378,36725,7.0
183378,996938,7.0
183378,207386,7.0
183378,208011,7.0
183378,1002300,7.0
183378,260640,7.0
183378,836259,7.0
183378,949720,7.0
183378,145701,7.0
183378,35825,7.0
183378,526577,7.0
183378,1002406,7.0
183378,452117,7.0
183378,166425,7.0
183378,346825,7.0
183378,332773,7.0
183378,499216,7.0
183378,20073,7.0
183378,882886,7.0
183378,463712,7.0
183378,385859,7.0
183378,418065,7.0
183378,435065,7.0
183378,197885,7.0
183378,55905,7.0
183378,373498,7.0
183378,771348,7.0
183378,186957,7.0
183378,745760,6.0
183378,882880,6.0
183378,882882,6.0
183378,515292,6.0
183378,145653,6.0
183378,501423,6.0
183378,882879,6.0
183378,31534,6.0
183378,260954,6.0
183378,711627,6.0
183378,807314,6.0
183378,807306,6.0
183378,373244,6.0
183378,923797,6.0
183378,665785,6.0
183378,1002273,6.0
183378,922873,6.0
183378,180153,6.0
183378,598988,6.0
183378,582603,6.0
183378,582605,6.0
183378,582606,6.0
183378,119508,6.0
183378,946827,6.0
183378,944108,6.0
183378,324176,6.0
183378,17433,6.0
183378,180157,6.0
183378,180158,6.0
183378,400860,6.0
183378,401950,6.0
183378,913801,6.0
183378,415505,6.0
183378,175489,6.0
183378,359259,6.0
183378,197883,6.0
207786,344598,31.0
207786,919931,18.0
207786,673356,17.0
207786,755355,16.0
207786,782545,15.0
207786,415272,14.0
207786,493419,14.0
207786,673365,14.0
207786,56555,13.0
207786,56553,13.0
207786,473688,13.0
207786,860177,13.0
207786,497955,13.0
207786,537512,12.0
207786,802107,12.0
207786,913360,12.0
207786,818662,12.0
207786,182748,12.0
207786,913359,12.0
207786,306384,12.0
207786,567673,12.0
207786,455906,12.0
207786,344597,12.0
207786,1002620,12.0
207786,991102,12.0
207786,434404,12.0
207786,782551,12.0
207786,544279,12.0
207786,493412,12.0
207786,913361,12.0
207786,114918,12.0
207786,319698,11.0
207786,320653,11.0
207786,500461,11.0
207786,500463,11.0
207786,482401,11.0
207786,500706,11.0
207786,138662,11.0
207786,860489,11.0
207786,127802,11.0
207786,860486,11.0
207786,210223,11.0
207786,788084,11.0
207786,673361,11.0
207786,923483,11.0
207786,230306,11.0
207786,230305,11.0
207786,664904,11.0
207786,344593,11.0
207786,171747,11.0
207786,1002594,11.0
207786,284514,11.0
207786,763924,10.0
207786,162254,10.0
207786,162389,10.0
207786,184605,10.0
207786,664905,10.0
207786,760691,10.0
207786,823807,10.0
207786,357185,10.0
207786,795753,10.0
207786,795760,10.0
207786,151013,10.0
207786,898631,10.0
207786,386303,10.0
207786,56550,10.0
207786,119892,10.0
207786,500708,10.0
207786,972700,10.0
207786,972701,10.0
207786,972703,10.0
207786,984463,10.0
207786,280082,10.0
207786,500462,10.0
207786,782552,10.0
207786,1002608,10.0
207786,230313,10.0
207786,230314,10.0
207786,493416,10.0
207786,887315,10.0
207786,755717,10.0
207786,925983,10.0
207786,704127,10.0
207786,993918,10.0
207786,102194,10.0
207786,168866,10.0
207786,56192,10.0
207786,402099,10.0
207786,493414,10.0
207786,1002702,10.0
207786,782546,9.0
207786,493420,9.0
207786,403538,9.0
207786,541582,9.0
207786,541041,9.0
207786,802112,9.0
207786,716702,9.0
207786,310173,9.0
207786,964635,9.0
207786,278781,9.0
264014,724178,28.0
264014,507027,24.0
264014,294888,24.0
264014,494021,23.0
264014,341666,22.0
264014,38600,22.0
264014,718784,22.0
264014,268071,22.0
264014,276898,21.0
264014,716564,20.0
264014,598888,20.0
264014,1002912,20.0
264014,917124,20.0
264014,123371,20.0
264014,751153,20.0
264014,675546,19.0
264014,96854,19.0
264014,730740,18.0
264014,883637,18.0
264014,983488,18.0
264014,260956,18.0
264014,777381,18.0
264014,1002896,18.0
264014,235985,18.0
264014,108558,17.0
264014,923073,17.0
264014,789524,17.0
264014,235982,17.0
264014,227790,17.0
264014,1002861,17.0
264014,607403,17.0
264014,682656,17.0
264014,448177,17.0
264014,487477,16.0
264014,959805,16.0
264014,470378,16.0
264014,692758,16.0
264014,474608,16.0
264014,72558,16.0
264014,200777,16.0
264014,558467,16.0
264014,1003003,16.0
264014,207312,16.0
264014,420377,16.0
264014,747427,16.0
264014,504557,16.0
264014,830173,16.0
264014,813103,16.0
264014,528349,16.0
264014,125059,16.0
264014,96761,16.0
264014,805356,16.0
264014,129764,16.0
264014,321467,16.0
264014,770046,16.0
264014,510509,16.0
264014,264082,16.0
264014,528348,16.0
264014,108550,16.0
264014,1002905,16.0
264014,340992,16.0
264014,147831,16.0
264014,394563,16.0
264014,87881,16.0
264014,692756,16.0
264014,366399,16.0
264014,777386,16.0
264014,103140,16.0
264014,953646,16.0
264014,367164,16.0
264014,487478,15.0
264014,475201,15.0
264014,297498,15.0
264014,365310,15.0
264014,244379,15.0
264014,764743,15.0
264014,7189,15.0
264014,1000959,15.0
264014,172187,15.0
264014,273066,15.0
264014,1002815,15.0
264014,1002914,15.0
264014,953510,15.0
264014,237858,15.0
264014,789104,15.0
264014,483270,15.0
264014,316221,15.0
264014,1002774,15.0
264014,942512,15.0
264014,155749,15.0
264014,283606,15.0
264014,321470,15.0
264014,588264,15.0
264014,805359,15.0
264014,747163,15.0
264014,396423,15.0
264014,598883,15.0
264014,96769,15.0
264014,857289,15.0
264014,235979,15.0
359349,85998,24.0
359349,857590,19.0
359349,590189,19.0
359349,46423,18.0
359349,343328,18.0
359349,311543,17.0
359349,932205,16.0
359349,828556,16.0
359349,209746,16.0
359349,775468,16.0
359349,590185,16.0
359349,928098,16.0
359349,984380,16.0
359349,994418,15.0
359349,994416,15.0
359349,829307,15.0
359349,380434,15.0
359349,279613,15.0
359349,142634,15.0
359349,499366,15.0
359349,933617,14.0
359349,722643,14.0
359349,590183,14.0
359349,386298,14.0
359349,973701,14.0
359349,673507,13.0
359349,93388,13.0
359349,471692,13.0
359349,590187,13.0
359349,590186,13.0
359349,994424,13.0
359349,870602,13.0
359349,279604,13.0
359349,397191,13.0
359349,530220,13.0
359349,590188,13.0
359349,809524,13.0
359349,130001,13.0
359349,994415,13.0
359349,984389,13.0
359349,883512,13.0
359349,163112,13.0
359349,576086,12.0
359349,810720,12.0
359349,209744,12.0
359349,209738,12.0
359349,1000959,12.0
359349,187846,12.0
359349,9667,12.0
359349,661926,12.0
359349,415505,12.0
359349,911160,12.0
359349,392183,12.0
359349,380435,12.0
359349,233172,12.0
359349,330241,12.0
359349,650278,12.0
359349,883519,12.0
359349,134291,12.0
359349,590182,12.0
359349,761184,12.0
359349,22625,12.0
359349,139305,11.0
359349,696308,11.0
359349,158657,11.0
359349,491120,11.0
359349,79970,11.0
359349,130008,11.0
359349,419225,11.0
359349,8631,11.0
359349,911168,11.0
359349,129999,11.0
359349,130002,11.0
359349,320342,11.0
359349,462154,11.0
359349,813685,11.0
359349,70850,11.0
359349,134849,11.0
359349,142632,11.0
359349,777344,11.0
359349,782569,11.0
359349,845374,11.0
359349,542347,11.0
359349,742570,11.0
359349,377682,11.0
359349,699349,11.0
359349,852098,11.0
359349,869037,11.0
359349,562794,11.0
359349,290354,11.0
359349,567743,11.0
359349,911161,11.0
359349,756344,11.0
359349,973702,11.0
359349,464507,11.0
359349,829305,11.0
359349,700196,11.0
359349,856149,11.0
359349,158275,11.0
359349,576088,11.0
405717,599391,23.0
405717,532742,22.0
405717,38600,22.0
405717,27712,21.0
405717,462306,21.0
405717,568475,21.0
405717,489093,21.0
405717,222482,20.0
405717,27709,20.0
405717,820136,20.0
405717,37377,20.0
405717,340690,20.0
405717,166128,20.0
405717,800301,20.0
405717,972700,19.0
405717,501116,19.0
405717,421382,19.0
405717,811282,19.0
405717,911885,19.0
405717,161180,19.0
405717,358020,19.0
405717,970132,19.0
405717,639817,19.0
405717,181046,19.0
405717,361652,19.0
405717,358023,19.0
405717,844676,19.0
405717,121107,18.0
405717,931517,18.0
405717,38881,18.0
405717,148597,18.0
405717,40295,18.0
405717,504167,18.0
405717,926129,18.0
405717,917921,18.0
405717,148598,18.0
405717,720045,18.0
405717,457851,17.0
405717,859588,17.0
405717,1007733,17.0
405717,989841,17.0
405717,852993,17.0
405717,161401,17.0
405717,357472,17.0
405717,720686,17.0
405717,622689,17.0
405717,966000,17.0
405717,228742,17.0
405717,113392,17.0
405717,22940,17.0
405717,630341,17.0
405717,374353,17.0
405717,875765,16.0
405717,518648,16.0
405717,212412,16.0
405717,570109,16.0
405717,301474,16.0
405717,720053,16.0
405717,121113,16.0
405717,121115,16.0
405717,607929,16.0
405717,1003224,16.0
405717,738520,16.0
405717,681345,16.0
405717,825113,16.0
405717,391688,16.0
405717,162649,16.0
405717,421886,16.0
405717,664484,16.0
405717,37380,16.0
405717,46963,16.0
405717,392245,16.0
405717,270946,16.0
405717,671572,16.0
405717,473522,16.0
405717,798139,16.0
405717,489885,16.0
405717,138655,16.0
405717,138656,16.0
405717,612439,16.0
405717,690079,16.0
405717,457849,16.0
405717,124738,16.0
405717,674168,16.0
405717,473516,16.0
405717,268530,16.0
405717,368494,16.0
405717,31331,16.0
405717,782756,16.0
405717,528348,16.0
405717,115875,16.0
405717,528349,16.0
405717,208356,16.0
405717,992785,16.0
405717,124736,16.0
405717,24989,16.0
405717,917927,16.0
405717,900733,16.0
405717,844678,15.0
405717,729855,15.0
443396,775432,37.0
443396,528998,36.0
443396,627042,35.0
443396,626302,34.0
443396,783328,34.0
443396,133840,34.0
443396,869948,31.0
443396,346108,30.0
443396,293618,30.0
443396,293619,30.0
443396,613691,29.0
443396,22719,29.0
443396,673738,28.0
443396,24552,28.0
443396,598605,28.0
443396,470581,28.0
443396,859223,28.0
443396,673740,27.0
443396,636704,27.0
443396,783326,27.0
443396,952696,27.0
443396,614151,26.0
443396,145783,26.0
443396,598604,26.0
443396,471686,26.0
443396,257422,26.0
443396,682145,26.0
443396,356710,26.0
443396,591520,26.0
443396,232068,25.0
443396,166038,25.0
443396,660341,25.0
443396,470576,25.0
443396,856439,25.0
443396,122365,25.0
443396,198024,25.0
443396,427083,25.0
443396,35052,25.0
443396,329193,25.0
443396,861136,25.0
443396,772722,25.0
443396,750858,25.0
443396,122364,25.0
443396,629428,24.0
443396,464750,24.0
443396,563905,24.0
443396,652695,24.0
443396,967643,24.0
443396,940833,24.0
443396,557787,24.0
443396,557786,24.0
443396,784609,24.0
443396,331776,24.0
443396,924352,24.0
443396,543690,24.0
443396,632123,24.0
443396,598606,24.0
443396,180955,24.0
443396,224517,24.0
443396,578206,24.0
443396,198019,24.0
443396,684778,24.0
443396,330241,24.0
443396,525630,24.0
443396,587138,24.0
443396,741927,24.0
443396,316543,23.0
443396,1007333,23.0
443396,869947,23.0
443396,1003968,23.0
443396,673735,23.0
443396,471681,23.0
443396,35046,23.0
443396,109229,23.0
443396,495812,23.0
443396,382517,23.0
443396,678644,23.0
443396,318595,22.0
443396,859229,22.0
443396,883725,22.0
443396,198025,22.0
443396,329194,22.0
443396,703975,22.0
443396,513748,22.0
443396,825878,22.0
443396,629426,22.0
443396,525623,22.0
443396,263021,22.0
443396,587131,22.0
443396,532784,22.0
443396,626299,22.0
443396,680698,22.0
443396,922480,22.0
443396,158854,22.0
443396,198021,22.0
443396,598611,22.0
443396,895697,22.0
443396,637097,22.0
443396,115020,22.0
443396,673438,22.0
451602,1003504,13.0
451602,1000959,12.0
451602,964990,10.0
451602,1003498,10.0
451602,542347,9.0
451602,102703,9.0
451602,97739,9.0
451602,491120,9.0
451602,1003502,9.0
451602,659300,8.0
451602,1003508,8.0
451602,1003451,8.0
451602,96224,8.0
451602,45696,8.0
451602,387427,8.0
451602,964996,8.0
451602,385859,7.0
451602,452117,7.0
451602,166425,7.0
451602,20073,7.0
451602,526577,7.0
451602,571001,7.0
451602,373498,7.0
451602,186957,7.0
451602,418065,7.0
451602,617668,7.0
451602,836259,7.0
451602,499216,7.0
451602,996938,7.0
451602,55905,7.0
451602,36725,7.0
451602,208011,7.0
451602,1003505,7.0
451602,332773,7.0
451602,1003482,7.0
451602,1003507,7.0
451602,947067,7.0
451602,949720,7.0
451602,317313,7.0
451602,463712,7.0
451602,1003489,7.0
451602,1003545,7.0
451602,37595,7.0
451602,582603,6.0
451602,582606,6.0
451602,592865,6.0
451602,1003557,6.0
451602,1003551,6.0
451602,1003497,6.0
451602,1003499,6.0
451602,381803,6.0
451602,381804,6.0
451602,922873,6.0
451602,1003560,6.0
451602,1003627,6.0
451602,1003527,6.0
451602,745760,6.0
451602,330241,6.0
451602,68421,6.0
451602,68427,6.0
451602,381795,6.0
451602,381796,6.0
451602,381797,6.0
451602,381800,6.0
451602,381801,6.0
451602,944108,6.0
451602,1003506,6.0
451602,567743,6.0
451602,130006,6.0
451602,377688,6.0
451602,1003461,6.0
451602,1003477,6.0
451602,1003442,6.0
451602,488164,6.0
451602,837435,6.0
451602,401950,6.0
451602,913801,6.0
451602,718240,6.0
451602,501423,6.0
451602,496355,6.0
451602,1003452,6.0
451602,415505,6.0
451602,81907,6.0
451602,544110,6.0
451602,119508,6.0
451602,17433,6.0
451602,923797,6.0
451602,582605,6.0
451602,964992,6.0
451602,1003565,6.0
451602,775468,6.0
451602,773716,5.0
451602,767292,5.0
451602,247764,5.0
451602,582602,5.0
451602,202542,5.0
451602,290272,5.0
451602,607024,5.0
451602,1003587,5.0
451602,1003588,5.0
489204,528998,32.0
489204,528349,32.0
489204,690079,32.0
489204,528348,31.0
489204,972700,28.0
489204,984710,27.0
489204,451544,27.0
489204,1003712,25.0
489204,852257,25.0
489204,228742,24.0
489204,827182,24.0
489204,115875,24.0
489204,115264,23.0
489204,233094,22.0
489204,984706,22.0
489204,35545,22.0
489204,422979,22.0
489204,705283,21.0
489204,1003773,21.0
489204,532742,21.0
489204,115265,21.0
489204,690072,20.0
489204,360202,20.0
489204,38600,20.0
489204,972786,20.0
489204,580583,20.0
489204,782756,20.0
489204,224747,20.0
489204,224744,20.0
489204,388125,20.0
489204,685958,19.0
489204,678245,19.0
489204,844676,19.0
489204,35550,19.0
489204,534829,19.0
489204,161180,19.0
489204,684210,19.0
489204,1003693,19.0
489204,599391,19.0
489204,456974,18.0
489204,782762,18.0
489204,515772,18.0
489204,505178,18.0
489204,270946,18.0
489204,104756,18.0
489204,782761,18.0
489204,210912,18.0
489204,563802,18.0
489204,869049,18.0
489204,901542,18.0
489204,137169,18.0
489204,24986,18.0
489204,639817,18.0
489204,813105,17.0
489204,216492,17.0
489204,325229,17.0
489204,981183,17.0
489204,506895,17.0
489204,625309,17.0
489204,200678,17.0
489204,40295,17.0
489204,607932,17.0
489204,577590,17.0
489204,110936,17.0
489204,972701,17.0
489204,972703,17.0
489204,420290,17.0
489204,844677,17.0
489204,1003716,17.0
489204,1003745,17.0
489204,280586,16.0
489204,330241,16.0
489204,1364,16.0
489204,591916,16.0
489204,591917,16.0
489204,1003645,16.0
489204,1003646,16.0
489204,607929,16.0
489204,759512,16.0
489204,1003647,16.0
489204,792848,16.0
489204,89454,16.0
489204,31331,16.0
489204,528995,16.0
489204,247009,16.0
489204,87181,16.0
489204,35541,16.0
489204,654841,16.0
489204,18132,16.0
489204,348987,16.0
489204,528990,16.0
489204,869916,16.0
489204,895697,16.0
489204,37380,16.0
489204,382228,16.0
489204,1003717,16.0
489204,1003721,16.0
489204,81920,16.0
489204,729896,16.0
489204,420282,16.0
490595,397095,56.0
490595,48875,43.0
490595,160728,42.0
490595,376402,41.0
490595,171747,40.0
490595,539784,40.0
490595,320653,39.0
490595,376731,39.0
490595,623124,38.0
490595,176715,38.0
490595,445585,37.0
490595,175282,36.0
490595,367567,36.0
490595,593088,36.0
490595,111724,36.0
490595,138615,35.0
490595,499935,35.0
490595,119892,34.0
490595,142595,34.0
490595,698964,34.0
490595,879712,34.0
490595,969428,33.0
490595,629424,33.0
490595,397094,33.0
490595,718242,33.0
490595,160727,33.0
490595,915143,32.0
490595,367565,32.0
490595,974071,32.0
490595,432263,32.0
490595,763735,32.0
490595,103291,32.0
490595,550905,32.0
490595,364098,32.0
490595,763733,31.0
490595,191723,31.0
490595,457926,31.0
490595,378998,31.0
490595,726275,31.0
490595,791837,31.0
490595,96296,31.0
490595,180321,31.0
490595,484903,31.0
490595,680532,31.0
490595,395030,31.0
490595,207925,31.0
490595,608583,31.0
490595,785116,31.0
490595,593043,31.0
490595,820912,31.0
490595,899092,31.0
490595,620246,31.0
490595,831771,31.0
490595,766658,30.0
490595,366349,30.0
490595,728153,30.0
490595,753222,30.0
490595,509703,30.0
490595,776956,30.0
490595,678862,30.0
490595,648061,30.0
490595,976658,30.0
490595,860825,30.0
490595,607024,30.0
490595,754323,30.0
490595,231063,30.0
490595,754324,30.0
490595,962222,30.0
490595,737398,30.0
490595,841781,30.0
490595,915859,30.0
490595,907166,30.0
490595,547813,30.0
490595,156781,30.0
490595,570454,30.0
490595,453652,30.0
490595,59725,30.0
490595,500461,30.0
490595,244778,30.0
490595,46806,30.0
490595,434363,30.0
490595,819610,30.0
490595,111723,30.0
490595,365286,30.0
490595,571437,30.0
490595,490634,30.0
490595,878125,29.0
490595,184771,29.0
490595,754329,29.0
490595,706824,29.0
490595,309945,29.0
490595,754002,29.0
490595,761458,29.0
490595,861343,29.0
490595,358631,29.0
490595,783102,29.0
490595,481755,29.0
490595,166128,29.0
490595,862568,29.0
490595,184768,29.0
527433,1003968,29.0
527433,1003910,29.0
527433,1003998,29.0
527433,269423,22.0
527433,1003972,20.0
527433,1003971,18.0
527433,138241,16.0
527433,138240,15.0
527433,773465,15.0
527433,758442,14.0
527433,903641,14.0
527433,319839,14.0
527433,269426,14.0
527433,269428,14.0
527433,269430,14.0
527433,1003993,13.0
527433,1003912,13.0
527433,269424,13.0
527433,584876,12.0
527433,961339,12.0
527433,1003924,12.0
527433,1003930,12.0
527433,584875,12.0
527433,319844,12.0
527433,903643,12.0
527433,269425,12.0
527433,156581,12.0
527433,338862,11.0
527433,549547,11.0
527433,363758,11.0
527433,868851,11.0
527433,301243,11.0
527433,1003911,10.0
527433,1004031,10.0
527433,439324,10.0
527433,72162,10.0
527433,101685,10.0
527433,633909,10.0
527433,681029,10.0
527433,1003929,10.0
527433,319845,10.0
527433,389252,10.0
527433,200403,10.0
527433,31508,10.0
527433,542041,10.0
527433,168673,10.0
527433,958153,10.0
527433,738751,10.0
527433,1003926,9.0
527433,422228,9.0
527433,413983,9.0
527433,1003980,9.0
527433,331897,9.0
527433,309857,9.0
527433,1004019,9.0
527433,1004000,9.0
527433,758446,9.0
527433,168676,9.0
527433,368243,9.0
527433,538710,9.0
527433,758444,9.0
527433,638831,9.0
527433,738752,9.0
527433,758448,9.0
527433,903637,9.0
527433,632464,9.0
527433,430213,9.0
527433,439323,9.0
527433,849801,9.0
527433,368240,9.0
527433,971361,9.0
527433,884642,9.0
527433,147910,8.0
527433,540071,8.0
527433,28765,8.0
527433,549550,8.0
527433,525982,8.0
527433,524598,8.0
527433,697296,8.0
527433,957359,8.0
527433,788210,8.0
527433,269429,8.0
527433,158822,8.0
527433,314456,8.0
527433,83210,8.0
527433,630777,8.0
527433,626497,8.0
527433,903638,8.0
527433,155023,8.0
527433,984401,8.0
527433,758450,8.0
527433,83206,8.0
527433,442090,8.0
527433,847798,8.0
527433,738750,8.0
527433,1003931,8.0
527433,1003902,8.0
527433,422229,8.0
527433,653017,8.0
527433,422236,8.0
573724,226245,18.0
573724,1004072,16.0
573724,1004075,15.0
573724,1004130,15.0
573724,87881,14.0
573724,1004074,14.0
573724,899430,14.0
573724,150398,14.0
573724,87405,13.0
573724,615662,13.0
573724,1004077,13.0
573724,1004078,13.0
573724,326490,13.0
573724,1004138,12.0
573724,1004126,12.0
573724,1004118,11.0
573724,222272,11.0
573724,471147,11.0
573724,473871,11.0
573724,1004061,11.0
573724,628232,11.0
573724,1004057,11.0
573724,984372,11.0
573724,1004053,11.0
573724,550185,11.0
573724,1004046,11.0
573724,1004140,11.0
573724,875622,10.0
573724,1004142,10.0
573724,896729,10.0
573724,1004144,10.0
573724,1004105,10.0
573724,859753,10.0
573724,87409,10.0
573724,202536,10.0
573724,39346,10.0
573724,855581,10.0
573724,326735,10.0
573724,331424,10.0
573724,934510,9.0
573724,1004096,9.0
573724,1004115,9.0
573724,1004119,9.0
573724,1004121,9.0
573724,1004139,9.0
573724,1004076,9.0
573724,1004094,9.0
573724,394139,9.0
573724,768347,9.0
573724,955560,9.0
573724,41433,9.0
573724,465412,9.0
573724,20886,9.0
573724,202538,9.0
573724,865523,9.0
573724,535798,9.0
573724,167587,9.0
573724,379746,9.0
573724,288226,9.0
573724,791027,9.0
573724,659484,9.0
573724,331427,8.0
573724,1004113,8.0
573724,1004120,8.0
573724,896722,8.0
573724,896728,8.0
573724,1004141,8.0
573724,1004151,8.0
573724,804657,8.0
573724,239667,8.0
573724,237870,8.0
573724,331428,8.0
573724,543701,8.0
573724,552440,8.0
573724,800552,8.0
573724,800555,8.0
573724,800557,8.0
573724,635297,8.0
573724,833766,8.0
573724,539425,8.0
573724,513105,8.0
573724,2337,8.0
573724,1004079,8.0
573724,386625,8.0
573724,394136,8.0
573724,605436,8.0
573724,977013,8.0
573724,515996,8.0
573724,513098,8.0
573724,519670,8.0
573724,521569,8.0
573724,499837,8.0
573724,701201,8.0
573724,782970,8.0
573724,394142,8.0
573724,501222,8.0
573724,322270,8.0
573724,84527,8.0
573724,888303,8.0
573724,84138,8.0
833860,405353,20.0
833860,454646,20.0
833860,668248,18.0
833860,516152,17.0
833860,338859,17.0
833860,432318,17.0
833860,868851,17.0
833860,373099,16.0
833860,506726,16.0
833860,948984,16.0
833860,299792,16.0
833860,432316,15.0
833860,635210,15.0
833860,818662,15.0
833860,292062,15.0
833860,329011,15.0
833860,140428,15.0
833860,39760,15.0
833860,886319,14.0
833860,582753,14.0
833860,565487,14.0
833860,619277,14.0
833860,122330,14.0
833860,899919,14.0
833860,1004277,14.0
833860,138244,14.0
833860,1000437,14.0
833860,778897,14.0
833860,880282,14.0
833860,329012,14.0
833860,355359,14.0
833860,819738,14.0
833860,544181,14.0
833860,662858,14.0
833860,36631,13.0
833860,707938,13.0
833860,484042,13.0
833860,643326,13.0
833860,642844,13.0
833860,583657,13.0
833860,880286,13.0
833860,494468,13.0
833860,743649,13.0
833860,149309,13.0
833860,731283,13.0
833860,128070,13.0
833860,108258,13.0
833860,503713,13.0
833860,1000438,13.0
833860,372433,13.0
833860,361186,13.0
833860,965506,13.0
833860,965509,12.0
833860,2162,12.0
833860,792232,12.0
833860,839939,12.0
833860,199244,12.0
833860,262837,12.0
833860,361185,12.0
833860,594610,12.0
833860,493032,12.0
833860,493033,12.0
833860,338862,12.0
833860,245365,12.0
833860,451783,12.0
833860,503715,12.0
833860,503712,12.0
833860,439328,12.0
833860,139038,12.0
833860,883045,12.0
833860,108260,12.0
833860,974335,12.0
833860,699259,12.0
833860,847502,12.0
833860,886317,12.0
833860,413987,12.0
833860,194470,12.0
833860,205259,12.0
833860,371550,12.0
833860,461386,12.0
833860,586360,12.0
833860,537642,12.0
833860,158822,12.0
833860,373101,12.0
833860,541470,11.0
833860,681766,11.0
833860,681763,11.0
833860,671556,11.0
833860,410349,11.0
833860,732208,11.0
833860,732209,11.0
833860,454644,11.0
833860,316344,11.0
833860,726275,11.0
833860,413988,11.0
833860,553488,11.0
833860,639640,11.0
833860,781669,11.0
833860,812943,11.0
833860,747149,11.0
855410,705283,20.0
855410,690079,16.0
855410,689411,16.0
855410,698385,16.0
855410,799152,16.0
855410,86813,16.0
855410,826949,16.0
855410,86565,14.0
855410,694192,14.0
855410,641002,14.0
855410,320326,14.0
855410,744899,14.0
855410,954544,14.0
855410,590836,14.0
855410,47441,14.0
855410,528349,14.0
855410,128269,14.0
855410,42322,14.0
855410,245065,13.0
855410,381914,13.0
855410,381913,13.0
855410,984710,13.0
855410,528348,13.0
855410,451544,13.0
855410,432995,13.0
855410,694448,13.0
855410,527955,13.0
855410,376676,13.0
855410,323990,13.0
855410,455393,12.0
855410,323997,12.0
855410,241296,12.0
855410,155015,12.0
855410,497770,12.0
855410,945415,12.0
855410,505251,12.0
855410,134775,12.0
855410,946424,12.0
855410,302670,12.0
855410,298320,12.0
855410,870639,12.0
855410,455392,12.0
855410,465727,12.0
855410,530344,12.0
855410,399338,12.0
855410,500740,12.0
855410,883293,12.0
855410,151398,12.0
855410,611027,11.0
855410,769720,11.0
855410,769721,11.0
855410,769722,11.0
855410,927972,11.0
855410,517901,11.0
855410,860049,11.0
855410,513710,11.0
855410,899919,11.0
855410,672852,11.0
855410,717130,11.0
855410,636607,11.0
855410,399330,11.0
855410,839154,11.0
855410,981478,11.0
855410,676274,11.0
855410,729896,11.0
855410,981183,11.0
855410,145736,11.0
855410,794086,11.0
855410,968282,11.0
855410,630781,11.0
855410,916386,11.0
855410,545114,11.0
855410,838053,11.0
855410,644800,11.0
855410,999154,11.0
855410,127802,11.0
855410,960500,11.0
855410,619675,11.0
855410,171747,11.0
855410,692316,11.0
855410,769719,11.0
855410,797195,11.0
855410,797200,11.0
855410,984706,11.0
855410,435758,11.0
855410,595766,11.0
855410,866072,11.0
855410,660499,11.0
855410,534307,10.0
855410,701151,10.0
855410,473856,10.0
855410,115265,10.0
855410,693005,10.0
855410,213628,10.0
855410,262737,10.0
855410,860885,10.0
855410,115264,10.0
855410,515770,10.0
855410,42325,10.0
855410,769723,10.0
915593,14707,34.0
915593,911825,30.0
915593,828641,28.0
915593,335613,27.0
915593,138241,26.0
915593,122330,26.0
915593,496358,26.0
915593,868851,25.0
915593,338862,25.0
915593,851933,24.0
915593,138240,24.0
915593,594610,24.0
915593,862820,23.0
915593,1004498,22.0
915593,293425,22.0
915593,662858,22.0
915593,698385,22.0
915593,880282,22.0
915593,454646,22.0
915593,623238,22.0
915593,405353,22.0
915593,439328,22.0
915593,209485,21.0
915593,338859,21.0
915593,158822,21.0
915593,385324,21.0
915593,432318,21.0
915593,709887,21.0
915593,86813,20.0
915593,903641,20.0
915593,768078,20.0
915593,967882,20.0
915593,911828,20.0
915593,937837,20.0
915593,123436,20.0
915593,353952,20.0
915593,895698,20.0
915593,432316,19.0
915593,101685,19.0
915593,413988,19.0
915593,209490,19.0
915593,64739,19.0
915593,537979,19.0
915593,292062,19.0
915593,880286,19.0
915593,14709,19.0
915593,338860,19.0
915593,368240,18.0
915593,368243,18.0
915593,363758,18.0
915593,239526,18.0
915593,241068,18.0
915593,10947,18.0
915593,506726,18.0
915593,880020,18.0
915593,293423,18.0
915593,318679,18.0
915593,484277,18.0
915593,965506,18.0
915593,747149,18.0
915593,293427,18.0
915593,182507,18.0
915593,450220,18.0
915593,638831,18.0
915593,29574,18.0
915593,326533,18.0
915593,29575,18.0
915593,668248,18.0
915593,373099,18.0
915593,937836,18.0
915593,353351,18.0
915593,458310,18.0
915593,623446,17.0
915593,684128,17.0
915593,338865,17.0
915593,262256,17.0
915593,480158,17.0
915593,516152,17.0
915593,372433,17.0
915593,930261,17.0
915593,166502,17.0
915593,413983,17.0
915593,473515,17.0
915593,150069,17.0
915593,439327,17.0
915593,207227,17.0
915593,579622,17.0
915593,329011,17.0
915593,328172,17.0
915593,769491,17.0
915593,582753,17.0
915593,731283,17.0
915593,184129,17.0
915593,436174,17.0
915593,236111,17.0
915593,642844,17.0
915593,1000437,17.0
915593,346895,16.0
915593,358381,16.0
915593,961339,16.0
962179,344598,31.0
962179,233284,21.0
962179,1004773,20.0
962179,919931,18.0
962179,306384,16.0
962179,171179,16.0
962179,131168,16.0
962179,116102,16.0
962179,425159,15.0
962179,1004737,15.0
962179,527649,14.0
962179,303723,14.0
962179,317421,14.0
962179,830377,14.0
962179,825876,14.0
962179,567673,14.0
962179,799303,14.0
962179,699077,13.0
962179,715760,13.0
962179,765795,13.0
962179,325441,13.0
962179,860177,13.0
962179,933309,13.0
962179,325445,13.0
962179,497955,13.0
962179,356894,13.0
962179,493576,13.0
962179,787786,13.0
962179,433185,13.0
962179,207071,13.0
962179,171170,13.0
962179,184307,13.0
962179,114918,12.0
962179,915143,12.0
962179,407101,12.0
962179,128072,12.0
962179,867399,12.0
962179,724162,12.0
962179,371175,12.0
962179,193452,12.0
962179,411001,12.0
962179,622133,12.0
962179,250441,12.0
962179,312278,12.0
962179,787790,12.0
962179,71298,12.0
962179,20890,12.0
962179,210028,12.0
962179,590239,12.0
962179,782472,12.0
962179,182748,12.0
962179,238063,12.0
962179,657854,12.0
962179,747157,12.0
962179,146782,12.0
962179,356279,12.0
962179,116110,12.0
962179,990296,12.0
962179,449414,12.0
962179,833625,12.0
962179,500885,12.0
962179,391622,12.0
962179,242628,12.0
962179,242783,12.0
962179,358861,12.0
962179,680530,12.0
962179,830380,12.0
962179,434404,12.0
962179,344597,12.0
962179,344594,12.0
962179,373868,11.0
962179,760691,11.0
962179,977472,11.0
962179,384938,11.0
962179,319698,11.0
962179,344593,11.0
962179,171174,11.0
962179,565460,11.0
962179,221420,11.0
962179,749847,11.0
962179,367053,11.0
962179,162254,11.0
962179,500461,11.0
962179,284514,11.0
962179,698682,11.0
962179,704127,11.0
962179,850307,11.0
962179,245870,11.0
962179,755999,11.0
962179,584322,11.0
962179,496193,11.0
962179,364787,11.0
962179,474379,11.0
962179,500463,11.0
962179,867400,11.0
962179,784609,11.0
962179,834336,11.0
962179,490132,11.0
962179,121524,11.0
962179,412536,11.0
1037798,432263,31.0
1037798,721814,22.0
1037798,34555,22.0
1037798,147619,21.0
1037798,507920,20.0
1037798,841776,19.0
1037798,133489,18.0
1037798,34550,18.0
1037798,803055,17.0
1037798,841785,17.0
1037798,147618,16.0
1037798,932838,16.0
1037798,883219,16.0
1037798,619764,15.0
1037798,158279,15.0
1037798,406728,15.0
1037798,34558,14.0
1037798,984062,14.0
1037798,40295,14.0
1037798,990282,14.0
1037798,147622,14.0
1037798,289213,14.0
1037798,924643,14.0
1037798,372706,14.0
1037798,384611,14.0
1037798,620246,14.0
1037798,938001,14.0
1037798,702178,14.0
1037798,347707,13.0
1037798,301093,13.0
1037798,841784,13.0
1037798,438652,13.0
1037798,888707,13.0
1037798,384607,13.0
1037798,144349,13.0
1037798,31113,13.0
1037798,721818,13.0
1037798,800971,13.0
1037798,639264,12.0
1037798,756813,12.0
1037798,301102,12.0
1037798,301096,12.0
1037798,510641,12.0
1037798,841781,12.0
1037798,133488,12.0
1037798,929565,12.0
1037798,883218,12.0
1037798,34551,12.0
1037798,137912,12.0
1037798,44859,12.0
1037798,31112,12.0
1037798,333031,12.0
1037798,544262,12.0
1037798,819702,12.0
1037798,751452,12.0
1037798,147620,12.0
1037798,686524,12.0
1037798,884208,12.0
1037798,938000,12.0
1037798,980866,12.0
1037798,34557,12.0
1037798,800979,12.0
1037798,844923,12.0
1037798,31109,12.0
1037798,888706,12.0
1037798,888710,12.0
1037798,756806,12.0
1037798,89749,12.0
1037798,721810,12.0
1037798,432130,11.0
1037798,226431,11.0
1037798,984061,11.0
1037798,843021,11.0
1037798,455913,11.0
1037798,455915,11.0
1037798,512555,11.0
1037798,611573,11.0
1037798,3567,11.0
1037798,74622,11.0
1037798,953032,11.0
1037798,727047,11.0
1037798,453626,11.0
1037798,245339,11.0
1037798,155701,11.0
1037798,834010,11.0
1037798,332853,11.0
1037798,686516,11.0
1037798,124272,11.0
1037798,140236,11.0
1037798,647043,11.0
1037798,826929,10.0
1037798,744477,10.0
1037798,396675,10.0
1037798,933035,10.0
1037798,680494,10.0
1037798,189849,10.0
1037798,925490,10.0
1037798,433067,10.0
1037798,822124,10.0
1037798,406734,10.0
1063750,152345,124.0
1063750,152348,121.0
1063750,129475,118.0
1063750,335200,109.0
1063750,1007489,108.0
1063750,512710,108.0
1063750,335195,108.0
1063750,1007334,104.0
1063750,845840,104.0
1063750,24552,102.0
1063750,792445,102.0
1063750,376676,100.0
1063750,1007395,99.0
1063750,791837,99.0
1063750,858379,98.0
1063750,127802,98.0
1063750,519994,97.0
1063750,127305,97.0
1063750,505532,97.0
1063750,71812,96.0
1063750,340451,95.0
1063750,458933,95.0
1063750,758434,94.0
1063750,806804,94.0
1063750,373824,94.0
1063750,945694,93.0
1063750,530913,93.0
1063750,878365,93.0
1063750,353430,93.0
1063750,674548,93.0
1063750,759398,93.0
1063750,451265,93.0
1063750,42322,92.0
1063750,447635,92.0
1063750,130313,92.0
1063750,592297,92.0
1063750,37599,92.0
1063750,447636,92.0
1063750,246622,91.0
1063750,1007368,91.0
1063750,28289,91.0
1063750,691233,90.0
1063750,654841,90.0
1063750,929419,90.0
1063750,955996,90.0
1063750,698964,90.0
1063750,878564,90.0
1063750,570092,90.0
1063750,869049,89.0
1063750,538213,89.0
1063750,941550,89.0
1063750,826140,89.0
1063750,238236,89.0
1063750,923337,88.0
1063750,995202,88.0
1063750,46616,88.0
1063750,754002,88.0
1063750,380870,88.0
1063750,140226,88.0
1063750,782213,88.0
1063750,166316,88.0
1063750,216125,88.0
1063750,868924,88.0
1063750,955114,87.0
1063750,526812,87.0
1063750,942512,87.0
1063750,340064,87.0
1063750,559134,87.0
1063750,202663,87.0
1063750,277893,86.0
1063750,254611,86.0
1063750,352936,86.0
1063750,421382,86.0
1063750,168037,86.0
1063750,4452,86.0
1063750,995201,86.0
1063750,155472,86.0
1063750,856171,86.0
1063750,453893,86.0
1063750,189664,86.0
1063750,537637,85.0
1063750,309849,85.0
1063750,315010,85.0
1063750,92082,85.0
1063750,756451,84.0
1063750,185428,84.0
1063750,864449,84.0
1063750,664619,84.0
1063750,636011,84.0
1063750,939949,84.0
1063750,924740,84.0
1063750,895697,84.0
1063750,326964,84.0
1063750,935293,84.0
1063750,846634,84.0
1063750,221861,83.0
1063750,301065,83.0
1063750,458265,83.0
1063750,640254,83.0
1063750,715220,83.0
1103812,955560,20.0
1103812,514943,17.0
1103812,234666,17.0
1103812,651458,15.0
1103812,278753,14.0
1103812,955563,13.0
1103812,886183,13.0
1103812,955564,12.0
1103812,254826,12.0
1103812,1005337,12.0
1103812,282821,12.0
1103812,892774,12.0
1103812,709678,11.0
1103812,916290,11.0
1103812,117183,11.0
1103812,1005361,11.0
1103812,1005419,11.0
1103812,166460,11.0
1103812,826324,10.0
1103812,326353,10.0
1103812,1005296,10.0
1103812,1005340,10.0
1103812,653531,10.0
1103812,433584,10.0
1103812,1005306,10.0
1103812,344895,10.0
1103812,878858,10.0
1103812,278751,10.0
1103812,1005367,10.0
1103812,741816,10.0
1103812,384743,10.0
1103812,1005305,10.0
1103812,319109,10.0
1103812,636439,10.0
1103812,599506,10.0
1103812,342780,10.0
1103812,857631,10.0
1103812,26352,10.0
1103812,8571,10.0
1103812,465534,10.0
1103812,978150,10.0
1103812,883197,10.0
1103812,241196,10.0
1103812,883001,9.0
1103812,798671,9.0
1103812,470723,9.0
1103812,760279,9.0
1103812,835677,9.0
1103812,859837,9.0
1103812,240457,9.0
1103812,400133,9.0
1103812,1005418,9.0
1103812,88093,9.0
1103812,278756,9.0
1103812,897719,9.0
1103812,15662,9.0
1103812,650652,9.0
1103812,624518,9.0
1103812,661121,9.0
1103812,40823,9.0
1103812,124268,9.0
1103812,125264,9.0
1103812,946350,9.0
1103812,224176,9.0
1103812,657479,9.0
1103812,813967,8.0
1103812,470475,8.0
1103812,326358,8.0
1103812,886188,8.0
1103812,442705,8.0
1103812,874171,8.0
1103812,621123,8.0
1103812,621124,8.0
1103812,621127,8.0
1103812,340435,8.0
1103812,658792,8.0
1103812,599503,8.0
1103812,426808,8.0
1103812,916287,8.0
1103812,1005090,8.0
1103812,114929,8.0
1103812,114812,8.0
1103812,778950,8.0
1103812,936011,8.0
1103812,190326,8.0
1103812,70843,8.0
1103812,70837,8.0
1103812,278757,8.0
1103812,48532,8.0
1103812,198751,8.0
1103812,137864,8.0
1103812,433583,8.0
1103812,300544,8.0
1103812,360785,8.0
1103812,923799,8.0
1103812,344142,8.0
1103812,433582,8.0
1103812,278758,8.0
1103812,995745,8.0
1103812,278755,8.0
1106007,828641,12.0
1106007,330241,12.0
1106007,775468,12.0
1106007,377682,11.0
1106007,522530,10.0
1106007,895697,10.0
1106007,522531,10.0
1106007,654841,10.0
1106007,682100,9.0
1106007,377688,9.0
1106007,650278,9.0
1106007,377686,9.0
1106007,788586,9.0
1106007,45696,8.0
1106007,740323,7.0
1106007,36725,7.0
1106007,788831,7.0
1106007,770615,7.0
1106007,582607,7.0
1106007,397191,7.0
1106007,326432,7.0
1106007,857095,7.0
1106007,845279,7.0
1106007,366352,7.0
1106007,240437,6.0
1106007,233040,6.0
1106007,896265,6.0
1106007,455004,6.0
1106007,479601,6.0
1106007,475751,6.0
1106007,932261,6.0
1106007,513454,6.0
1106007,401950,6.0
1106007,380824,6.0
1106007,504740,6.0
1106007,582606,6.0
1106007,877166,6.0
1106007,292363,6.0
1106007,284042,6.0
1106007,415505,6.0
1106007,913799,6.0
1106007,913800,6.0
1106007,989490,6.0
1106007,108939,6.0
1106007,304425,6.0
1106007,942724,6.0
1106007,491120,6.0
1106007,278282,6.0
1106007,278279,6.0
1106007,170915,6.0
1106007,730735,6.0
1106007,582602,6.0
1106007,857099,6.0
1106007,56230,6.0
1106007,597587,6.0
1106007,597586,6.0
1106007,896816,6.0
1106007,983283,6.0
1106007,828635,6.0
1106007,828636,6.0
1106007,166425,6.0
1106007,261991,6.0
1106007,685749,6.0
1106007,685750,6.0
1106007,194270,6.0
1106007,792804,6.0
1106007,791266,6.0
1106007,542347,6.0
1106007,233454,5.0
1106007,964290,5.0
1106007,248329,5.0
1106007,186957,5.0
1106007,112211,5.0
1106007,114198,5.0
1106007,550400,5.0
1106007,544110,5.0
1106007,800742,5.0
1106007,37595,5.0
1106007,1005522,5.0
1106007,46059,5.0
1106007,847431,5.0
1106007,996938,5.0
1106007,609715,5.0
1106007,607024,5.0
1106007,141089,5.0
1106007,896264,5.0
1106007,20073,5.0
1106007,132667,5.0
1106007,499216,5.0
1106007,501423,5.0
1106007,884793,5.0
1106007,93388,5.0
1106007,745760,5.0
1106007,740759,5.0
1106007,976093,5.0
1106007,944108,5.0
1106007,297455,5.0
1106007,333470,5.0
1106007,332773,5.0
1106007,328578,5.0
1110199,129475,106.0
1110199,458933,106.0
1110199,42322,99.0
1110199,512710,99.0
1110199,309390,97.0
1110199,309387,97.0
1110199,127802,95.0
1110199,376676,95.0
1110199,759398,93.0
1110199,1007489,92.0
1110199,451544,89.0
1110199,24552,88.0
1110199,1007334,88.0
1110199,806804,87.0
1110199,856171,86.0
1110199,152348,85.0
1110199,453893,84.0
1110199,37599,84.0
1110199,640254,84.0
1110199,923337,84.0
1110199,373824,84.0
1110199,929419,83.0
1110199,254611,83.0
1110199,152345,83.0
1110199,372091,83.0
1110199,782213,83.0
1110199,528349,83.0
1110199,864449,83.0
1110199,453049,83.0
1110199,124711,82.0
1110199,538213,82.0
1110199,528348,81.0
1110199,62,81.0
1110199,674548,81.0
1110199,326964,81.0
1110199,878564,80.0
1110199,189664,80.0
1110199,562837,80.0
1110199,845840,80.0
1110199,120545,80.0
1110199,814851,80.0
1110199,944170,80.0
1110199,409448,80.0
1110199,681886,79.0
1110199,1007395,79.0
1110199,407435,79.0
1110199,560538,79.0
1110199,458396,79.0
1110199,559134,78.0
1110199,424567,78.0
1110199,553032,78.0
1110199,927540,78.0
1110199,365857,78.0
1110199,458265,78.0
1110199,324734,78.0
1110199,448090,78.0
1110199,28289,78.0
1110199,664191,78.0
1110199,270106,77.0
1110199,105383,77.0
1110199,615662,77.0
1110199,995202,77.0
1110199,279389,77.0
1110199,858379,77.0
1110199,522787,77.0
1110199,592297,77.0
1110199,401716,77.0
1110199,933066,77.0
1110199,850679,77.0
1110199,758434,77.0
1110199,508679,76.0
1110199,872940,76.0
1110199,729896,76.0
1110199,335200,76.0
1110199,128269,76.0
1110199,526812,76.0
1110199,530975,76.0
1110199,508680,76.0
1110199,698964,76.0
1110199,824523,76.0
1110199,34621,76.0
1110199,660368,75.0
1110199,451305,75.0
1110199,866606,75.0
1110199,78838,75.0
1110199,515128,75.0
1110199,665442,75.0
1110199,288215,75.0
1110199,640257,75.0
1110199,1007368,75.0
1110199,996695,75.0
1110199,455110,75.0
1110199,738118,75.0
1110199,556355,74.0
1110199,312768,74.0
1110199,862987,74.0
1110199,347671,74.0
1110199,913862,74.0
1110199,519994,74.0
1110199,127305,74.0
1112341,461266,28.0
1112341,930193,27.0
1112341,114158,26.0
1112341,815195,26.0
1112341,268071,22.0
1112341,949838,22.0
1112341,374462,22.0
1112341,61506,21.0
1112341,949842,21.0
1112341,555507,21.0
1112341,770742,20.0
1112341,873979,20.0
1112341,532742,20.0
1112341,949836,20.0
1112341,114156,19.0
1112341,949834,19.0
1112341,949835,19.0
1112341,504557,18.0
1112341,76406,18.0
1112341,37380,18.0
1112341,61507,18.0
1112341,949839,18.0
1112341,980014,17.0
1112341,607403,17.0
1112341,346499,17.0
1112341,842019,17.0
1112341,674168,16.0
1112341,471314,16.0
1112341,1002861,16.0
1112341,147831,16.0
1112341,953646,16.0
1112341,908816,16.0
1112341,509150,16.0
1112341,470378,16.0
1112341,167291,16.0
1112341,457999,16.0
1112341,1003860,16.0
1112341,201232,16.0
1112341,785022,16.0
1112341,448899,16.0
1112341,580583,16.0
1112341,730740,16.0
1112341,492191,15.0
1112341,525009,15.0
1112341,253403,15.0
1112341,971206,15.0
1112341,559294,15.0
1112341,675546,15.0
1112341,488271,15.0
1112341,201233,15.0
1112341,583324,15.0
1112341,930967,15.0
1112341,692756,15.0
1112341,692758,15.0
1112341,244379,15.0
1112341,370510,15.0
1112341,153387,15.0
1112341,424381,15.0
1112341,381354,15.0
1112341,375446,15.0
1112341,953641,15.0
1112341,367164,14.0
1112341,441805,14.0
1112341,975052,14.0
1112341,428359,14.0
1112341,742450,14.0
1112341,916081,14.0
1112341,718784,14.0
1112341,781684,14.0
1112341,86970,14.0
1112341,641413,14.0
1112341,796893,14.0
1112341,602304,14.0
1112341,201586,14.0
1112341,382188,14.0
1112341,390967,14.0
1112341,189412,14.0
1112341,330283,14.0
1112341,96136,14.0
1112341,72519,14.0
1112341,789250,14.0
1112341,254944,14.0
1112341,859103,14.0
1112341,437830,14.0
1112341,703641,14.0
1112341,716956,14.0
1112341,710004,14.0
1112341,320856,14.0
1112341,999896,14.0
1112341,565743,14.0
1112341,953511,14.0
1112341,64667,14.0
1112341,148256,14.0
1112341,618145,14.0
1112341,847444,14.0
1112341,980696,14.0
1112341,737140,14.0
1112341,692761,14.0
1112341,932455,14.0
1112341,543157,14.0
1113437,1006010,12.0
1113437,1006009,12.0
1113437,436899,12.0
1113437,313542,10.0
1113437,436902,10.0
1113437,1006076,10.0
1113437,869434,9.0
1113437,197487,9.0
1113437,569515,9.0
1113437,1006065,9.0
1113437,428322,8.0
1113437,436906,8.0
1113437,864473,8.0
1113437,1006023,8.0
1113437,900986,8.0
1113437,833668,8.0
1113437,641360,8.0
1113437,742044,8.0
1113437,641359,8.0
1113437,641100,8.0
1113437,436903,8.0
1113437,569514,7.0
1113437,569520,7.0
1113437,657405,7.0
1113437,599851,7.0
1113437,469997,7.0
1113437,1005939,7.0
1113437,864474,7.0
1113437,1006083,7.0
1113437,306174,7.0
1113437,599857,6.0
1113437,599852,6.0
1113437,641357,6.0
1113437,641108,6.0
1113437,641107,6.0
1113437,436907,6.0
1113437,469998,6.0
1113437,925712,6.0
1113437,503362,6.0
1113437,142359,6.0
1113437,864472,6.0
1113437,4335,6.0
1113437,253014,6.0
1113437,284569,6.0
1113437,1006033,6.0
1113437,1006042,6.0
1113437,1005980,6.0
1113437,629122,6.0
1113437,319625,6.0
1113437,151007,6.0
1113437,197485,6.0
1113437,754939,6.0
1113437,438976,6.0
1113437,1005956,6.0
1113437,1005978,6.0
1113437,943152,6.0
1113437,1006001,6.0
1113437,436900,6.0
1113437,561403,6.0
1113437,1006066,6.0
1113437,569513,5.0
1113437,1006063,5.0
1113437,817301,5.0
1113437,213006,5.0
1113437,213009,5.0
1113437,957170,5.0
1113437,291508,5.0
1113437,284568,5.0
1113437,1005994,5.0
1113437,458955,5.0
1113437,460396,5.0
1113437,436901,5.0
1113437,436905,5.0
1113437,196696,5.0
1113437,948177,5.0
1113437,948178,5.0
1113437,948179,5.0
1113437,948180,5.0
1113437,85200,5.0
1113437,330911,5.0
1113437,329487,5.0
1113437,1005948,5.0
1113437,44520,5.0
1113437,754937,5.0
1113437,330031,5.0
1113437,742037,5.0
1113437,388345,5.0
1113437,377775,5.0
1113437,923691,5.0
1113437,438968,5.0
1113437,438975,5.0
1113437,641106,5.0
1113437,641355,5.0
1113437,436908,5.0
1113437,925706,5.0
1113437,694463,5.0
1113437,676789,5.0
1113437,495971,5.0
1113437,495975,5.0
1113437,917809,5.0
1114646,482778,7.0
1114646,1006607,6.0
1114646,590265,4.0
1114646,879182,4.0
1114646,580623,4.0
1114646,580241,4.0
1114646,517672,4.0
1114646,698968,4.0
1114646,433584,4.0
1114646,408251,4.0
1114646,468341,4.0
1114646,198770,4.0
1114646,785028,4.0
1114646,1006202,3.0
1114646,1006195,3.0
1114646,143135,3.0
1114646,517671,3.0
1114646,666840,3.0
1114646,606868,3.0
1114646,754002,3.0
1114646,696388,3.0
1114646,708371,3.0
1114646,146025,3.0
1114646,468342,3.0
1114646,966440,3.0
1114646,482780,3.0
1114646,382766,3.0
1114646,388384,3.0
1114646,983417,3.0
1114646,979505,3.0
1114646,898854,3.0
1114646,1006186,3.0
1114646,307891,3.0
1114646,364372,3.0
1114646,166632,3.0
1114646,335834,3.0
1114646,76836,3.0
1114646,89757,3.0
1114646,798083,3.0
1114646,214089,3.0
1114646,798078,3.0
1114646,803878,3.0
1114646,833661,3.0
1114646,834238,2.0
1114646,857502,2.0
1114646,847674,2.0
1114646,843591,2.0
1114646,864236,2.0
1114646,864151,2.0
1114646,864062,2.0
1114646,814483,2.0
1114646,812079,2.0
1114646,827926,2.0
1114646,825927,2.0
1114646,820573,2.0
1114646,842909,2.0
1114646,837162,2.0
1114646,836080,2.0
1114646,791184,2.0
1114646,791187,2.0
1114646,785027,2.0
1114646,805831,2.0
1114646,818985,2.0
1114646,814481,2.0
1114646,758605,2.0
1114646,757860,2.0
1114646,907306,2.0
1114646,907307,2.0
1114646,907309,2.0
1114646,799026,2.0
1114646,88915,2.0
1114646,109496,2.0
1114646,105398,2.0
1114646,118828,2.0
1114646,117409,2.0
1114646,111289,2.0
1114646,111290,2.0
1114646,1006180,2.0
1114646,76839,2.0
1114646,93136,2.0
1114646,93141,2.0
1114646,92846,2.0
1114646,92348,2.0
1114646,90074,2.0
1114646,89763,2.0
1114646,43424,2.0
1114646,43415,2.0
1114646,76840,2.0
1114646,73159,2.0
1114646,69806,2.0
1114646,68292,2.0
1114646,76837,2.0
1114646,864063,2.0
1114646,1006241,2.0
1114646,1006242,2.0
1114646,1006210,2.0
1114646,36561,2.0
1114646,30042,2.0
1114646,54339,2.0
1114646,54345,2.0
1114819,785027,18.0
1114819,1006545,18.0
1114819,785028,16.0
1114819,232476,15.0
1114819,715779,14.0
1114819,1006429,14.0
1114819,1006566,14.0
1114819,1006555,14.0
1114819,1006256,13.0
1114819,1006556,13.0
1114819,1006605,13.0
1114819,1006485,13.0
1114819,1006317,12.0
1114819,1006544,12.0
1114819,1006241,12.0
1114819,880088,12.0
1114819,344353,12.0
1114819,1006259,12.0
1114819,53558,12.0
1114819,1006439,12.0
1114819,1006597,11.0
1114819,1006495,11.0
1114819,1006242,11.0
1114819,1006484,11.0
1114819,62214,10.0
1114819,647535,10.0
1114819,1006477,10.0
1114819,1006479,10.0
1114819,1006399,10.0
1114819,1006395,10.0
1114819,1006356,10.0
1114819,1006365,10.0
1114819,28623,10.0
1114819,1006229,10.0
1114819,880089,10.0
1114819,992345,10.0
1114819,992347,10.0
1114819,776051,10.0
1114819,791377,10.0
1114819,1006319,10.0
1114819,344356,10.0
1114819,1006500,10.0
1114819,1006547,10.0
1114819,1006546,10.0
1114819,630011,10.0
1114819,383777,9.0
1114819,468341,9.0
1114819,1006423,9.0
1114819,1006404,9.0
1114819,776052,9.0
1114819,1006340,9.0
1114819,291530,9.0
1114819,1006260,9.0
1114819,771719,9.0
1114819,1006234,9.0
1114819,830237,9.0
1114819,230122,9.0
1114819,988378,9.0
1114819,988373,9.0
1114819,1006619,9.0
1114819,694735,9.0
1114819,1006478,9.0
1114819,615662,9.0
1114819,351063,9.0
1114819,532801,8.0
1114819,1006559,8.0
1114819,344349,8.0
1114819,1006326,8.0
1114819,944169,8.0
1114819,1006530,8.0
1114819,1006410,8.0
1114819,1006565,8.0
1114819,1006562,8.0
1114819,862010,8.0
1114819,53555,8.0
1114819,1006589,8.0
1114819,1006570,8.0
1114819,1006277,8.0
1114819,1006275,8.0
1114819,178435,8.0
1114819,961837,8.0
1114819,183298,8.0
1114819,997431,8.0
1114819,532799,8.0
1114819,1006336,8.0
1114819,176087,8.0
1114819,1006378,8.0
1114819,53553,8.0
1114819,1006614,8.0
1114819,639956,8.0
1114819,116340,8.0
1114819,1006400,8.0
1114819,790827,8.0
1114819,988370,8.0
1114819,1006595,8.0
1114819,188651,8.0
1114819,188652,8.0
1114819,364018,8.0
1114819,1006599,8.0
1114819,1006601,8.0
1115776,132592,58.0
1115776,840805,52.0
1115776,847444,49.0
1115776,461362,43.0
1115776,924094,38.0
1115776,615662,38.0
1115776,279815,38.0
1115776,515626,38.0
1115776,737016,38.0
1115776,189818,37.0
1115776,239355,37.0
1115776,169830,36.0
1115776,745996,36.0
1115776,926129,36.0
1115776,140622,35.0
1115776,340443,35.0
1115776,203419,35.0
1115776,356894,35.0
1115776,602760,34.0
1115776,835511,34.0
1115776,198352,34.0
1115776,306765,34.0
1115776,525410,34.0
1115776,182854,34.0
1115776,835514,33.0
1115776,162186,33.0
1115776,798903,33.0
1115776,198353,33.0
1115776,278916,33.0
1115776,154692,33.0
1115776,423994,32.0
1115776,626304,32.0
1115776,378124,32.0
1115776,737004,32.0
1115776,445288,32.0
1115776,365286,32.0
1115776,369138,32.0
1115776,614221,32.0
1115776,287401,32.0
1115776,469997,31.0
1115776,145454,31.0
1115776,515623,31.0
1115776,764533,31.0
1115776,345454,30.0
1115776,798909,30.0
1115776,464116,30.0
1115776,908402,30.0
1115776,336397,30.0
1115776,294888,30.0
1115776,641134,30.0
1115776,551641,30.0
1115776,116718,30.0
1115776,496215,30.0
1115776,567214,30.0
1115776,189813,30.0
1115776,1006804,30.0
1115776,737012,30.0
1115776,257420,30.0
1115776,515624,30.0
1115776,773129,30.0
1115776,140693,29.0
1115776,551051,29.0
1115776,469998,29.0
1115776,160110,29.0
1115776,614213,29.0
1115776,327894,29.0
1115776,525408,29.0
1115776,148143,29.0
1115776,757781,29.0
1115776,794350,29.0
1115776,511985,29.0
1115776,1006846,29.0
1115776,761259,29.0
1115776,693379,29.0
1115776,858379,29.0
1115776,417187,29.0
1115776,24847,29.0
1115776,789104,29.0
1115776,852491,28.0
1115776,852487,28.0
1115776,693378,28.0
1115776,281638,28.0
1115776,698911,28.0
1115776,734048,28.0
1115776,226348,28.0
1115776,601854,28.0
1115776,591861,28.0
1115776,998287,28.0
1115776,325267,28.0
1115776,166317,28.0
1115776,369134,28.0
1115776,123721,28.0
1115776,1003998,28.0
1115776,845296,28.0
1115776,428302,28.0
1115776,593088,28.0
1115776,482059,28.0
1115776,540356,28.0
1115776,659446,28.0
1115776,135263,28.0
1117099,1006772,18.0
1117099,358023,17.0
1117099,103429,17.0
1117099,358020,17.0
1117099,600660,15.0
1117099,645694,14.0
1117099,484283,12.0
1117099,98393,12.0
1117099,731102,12.0
1117099,484285,12.0
1117099,1006846,11.0
1117099,759952,11.0
1117099,36725,11.0
1117099,230596,10.0
1117099,169447,10.0
1117099,411768,10.0
1117099,169441,10.0
1117099,169442,10.0
1117099,628789,10.0
1117099,477701,10.0
1117099,502794,10.0
1117099,628787,10.0
1117099,169446,10.0
1117099,777840,10.0
1117099,1006776,10.0
1117099,793594,10.0
1117099,327110,10.0
1117099,632480,10.0
1117099,1006804,10.0
1117099,898097,10.0
1117099,175676,10.0
1117099,302799,10.0
1117099,491223,10.0
1117099,572288,10.0
1117099,251700,10.0
1117099,734838,9.0
1117099,427157,9.0
1117099,69931,9.0
1117099,652104,9.0
1117099,788574,9.0
1117099,170919,9.0
1117099,662878,9.0
1117099,589667,9.0
1117099,541738,9.0
1117099,770452,9.0
1117099,935291,9.0
1117099,898098,9.0
1117099,250002,9.0
1117099,407750,9.0
1117099,973305,9.0
1117099,399903,9.0
1117099,811345,8.0
1117099,509051,8.0
1117099,788180,8.0
1117099,916839,8.0
1117099,862987,8.0
1117099,399902,8.0
1117099,1006875,8.0
1117099,1006876,8.0
1117099,892364,8.0
1117099,857088,8.0
1117099,1006940,8.0
1117099,785836,8.0
1117099,763016,8.0
1117099,652109,8.0
1117099,374542,8.0
1117099,373978,8.0
1117099,899109,8.0
1117099,334611,8.0
1117099,334615,8.0
1117099,226912,8.0
1117099,68493,8.0
1117099,54009,8.0
1117099,364603,8.0
1117099,660418,8.0
1117099,967956,8.0
1117099,323305,8.0
1117099,877363,8.0
1117099,259317,8.0
1117099,819094,8.0
1117099,146198,8.0
1117099,340870,8.0
1117099,318996,8.0
1117099,318997,8.0
1117099,876715,8.0
1117099,924905,8.0
1117099,445466,8.0
1117099,776221,8.0
1117099,386700,8.0
1117099,169440,8.0
1117099,275592,8.0
1117099,734839,8.0
1117099,989384,8.0
1117099,731599,8.0
1117099,694436,8.0
1117099,1006891,8.0
1117099,167491,8.0
1117099,169449,8.0
1117099,667852,8.0
1117099,230589,8.0
1121402,20719,11.0
1121402,524595,11.0
1121402,1006978,11.0
1121402,1007022,11.0
1121402,167779,10.0
1121402,519994,10.0
1121402,860442,10.0
1121402,476947,10.0
1121402,860441,10.0
1121402,792232,9.0
1121402,188215,9.0
1121402,188213,9.0
1121402,117048,9.0
1121402,445986,8.0
1121402,188218,8.0
1121402,711020,8.0
1121402,798219,8.0
1121402,401308,8.0
1121402,827127,8.0
1121402,884981,8.0
1121402,182372,8.0
1121402,182369,8.0
1121402,691233,8.0
1121402,823355,8.0
1121402,182368,8.0
1121402,957359,8.0
1121402,973469,8.0
1121402,1006976,8.0
1121402,205489,8.0
1121402,182373,8.0
1121402,42124,8.0
1121402,188217,8.0
1121402,783027,8.0
1121402,42125,8.0
1121402,1007058,8.0
1121402,182364,8.0
1121402,875447,7.0
1121402,791962,7.0
1121402,420479,7.0
1121402,445985,7.0
1121402,884979,7.0
1121402,492836,7.0
1121402,492837,7.0
1121402,634801,7.0
1121402,997854,7.0
1121402,561606,7.0
1121402,1007010,7.0
1121402,634802,7.0
1121402,161359,7.0
1121402,206832,6.0
1121402,1007029,6.0
1121402,1007054,6.0
1121402,1007070,6.0
1121402,1007075,6.0
1121402,221496,6.0
1121402,182859,6.0
1121402,328237,6.0
1121402,957206,6.0
1121402,915503,6.0
1121402,352834,6.0
1121402,367402,6.0
1121402,371196,6.0
1121402,47382,6.0
1121402,321768,6.0
1121402,317352,6.0
1121402,1007006,6.0
1121402,182370,6.0
1121402,525624,6.0
1121402,520443,6.0
1121402,167780,6.0
1121402,507944,6.0
1121402,501600,6.0
1121402,509209,6.0
1121402,498812,6.0
1121402,964742,6.0
1121402,188209,6.0
1121402,184136,6.0
1121402,662890,6.0
1121402,678314,6.0
1121402,678315,6.0
1121402,737358,6.0
1121402,480546,6.0
1121402,480547,6.0
1121402,402437,6.0
1121402,940834,6.0
1121402,414577,6.0
1121402,420482,6.0
1121402,810203,6.0
1121402,467280,6.0
1121402,446133,6.0
1121402,974234,6.0
1121402,96452,6.0
1121402,97688,6.0
1121402,284039,6.0
1121402,188211,6.0
1121402,188214,6.0
1121402,1007078,6.0
1121402,779679,5.0
1121402,779645,5.0
1121402,1007056,5.0
1121709,306324,16.0
1121709,142984,13.0
1121709,13146,13.0
1121709,306321,12.0
1121709,992392,12.0
1121709,142983,12.0
1121709,306315,11.0
1121709,855995,11.0
1121709,855996,10.0
1121709,433204,10.0
1121709,638,10.0
1121709,479879,10.0
1121709,383764,10.0
1121709,685659,10.0
1121709,46907,9.0
1121709,583290,9.0
1121709,656511,9.0
1121709,308098,9.0
1121709,237159,9.0
1121709,711068,9.0
1121709,380395,9.0
1121709,531623,9.0
1121709,794888,9.0
1121709,686573,8.0
1121709,169564,8.0
1121709,325880,8.0
1121709,396146,8.0
1121709,457999,8.0
1121709,890018,8.0
1121709,921477,8.0
1121709,410354,8.0
1121709,856002,8.0
1121709,278048,8.0
1121709,281081,8.0
1121709,396145,8.0
1121709,352358,8.0
1121709,992395,8.0
1121709,99271,8.0
1121709,99275,8.0
1121709,656514,8.0
1121709,396148,8.0
1121709,708560,8.0
1121709,689237,8.0
1121709,690041,8.0
1121709,870599,8.0
1121709,1005940,8.0
1121709,383763,8.0
1121709,1005939,8.0
1121709,265193,8.0
1121709,902947,8.0
1121709,788228,8.0
1121709,46908,8.0
1121709,812826,8.0
1121709,521797,8.0
1121709,13144,8.0
1121709,798903,7.0
1121709,142980,7.0
1121709,1006066,7.0
1121709,1007107,7.0
1121709,396147,7.0
1121709,52426,7.0
1121709,1006065,7.0
1121709,691284,7.0
1121709,54545,7.0
1121709,410358,7.0
1121709,656556,7.0
1121709,384532,7.0
1121709,720860,7.0
1121709,711064,7.0
1121709,766070,7.0
1121709,945074,7.0
1121709,915494,7.0
1121709,396152,7.0
1121709,380870,7.0
1121709,296423,7.0
1121709,582839,7.0
1121709,87789,7.0
1121709,54546,7.0
1121709,541495,7.0
1121709,883185,7.0
1121709,691279,7.0
1121709,367548,7.0
1121709,52430,7.0
1121709,79887,7.0
1121709,308093,7.0
1121709,308091,7.0
1121709,829953,7.0
1121709,871801,7.0
1121709,911599,7.0
1121709,762037,7.0
1121709,856001,7.0
1121709,288719,7.0
1121709,287695,7.0
1121709,45957,7.0
1121709,921481,7.0
1121709,380328,7.0
1121709,259604,7.0
1121709,99270,7.0
1121709,99272,7.0
1121709,689241,7.0
1124210,452752,21.0
1124210,778449,21.0
1124210,165481,21.0
1124210,781462,20.0
1124210,770742,20.0
1124210,472207,19.0
1124210,875765,19.0
1124210,194035,19.0
1124210,930705,18.0
1124210,699259,18.0
1124210,289975,18.0
1124210,515626,18.0
1124210,412643,18.0
1124210,835941,17.0
1124210,210630,17.0
1124210,981962,17.0
1124210,571451,17.0
1124210,913360,17.0
1124210,552607,17.0
1124210,883218,17.0
1124210,913359,17.0
1124210,996313,17.0
1124210,620572,16.0
1124210,345627,16.0
1124210,696901,16.0
1124210,471407,16.0
1124210,1000344,16.0
1124210,443541,16.0
1124210,206149,16.0
1124210,591361,16.0
1124210,214589,16.0
1124210,382368,16.0
1124210,315584,16.0
1124210,345626,16.0
1124210,1000286,16.0
1124210,917895,16.0
1124210,922190,16.0
1124210,432865,16.0
1124210,631429,16.0
1124210,727458,16.0
1124210,782869,16.0
1124210,83741,16.0
1124210,631428,16.0
1124210,631424,15.0
1124210,192080,15.0
1124210,539784,15.0
1124210,513259,15.0
1124210,420509,15.0
1124210,984710,15.0
1124210,330529,15.0
1124210,529305,15.0
1124210,529307,15.0
1124210,88279,15.0
1124210,653153,15.0
1124210,484016,15.0
1124210,412894,15.0
1124210,745004,15.0
1124210,741333,15.0
1124210,741334,15.0
1124210,424117,15.0
1124210,228438,15.0
1124210,769031,15.0
1124210,647384,15.0
1124210,434363,15.0
1124210,672127,15.0
1124210,531279,15.0
1124210,299769,15.0
1124210,913357,15.0
1124210,493724,15.0
1124210,913212,14.0
1124210,811343,14.0
1124210,811351,14.0
1124210,748720,14.0
1124210,725418,14.0
1124210,636607,14.0
1124210,552245,14.0
1124210,952799,14.0
1124210,996308,14.0
1124210,699508,14.0
1124210,591357,14.0
1124210,137199,14.0
1124210,66271,14.0
1124210,837305,14.0
1124210,920712,14.0
1124210,954915,14.0
1124210,867876,14.0
1124210,917897,14.0
1124210,778446,14.0
1124210,366508,14.0
1124210,787355,14.0
1124210,69413,14.0
1124210,707019,14.0
1124210,563501,14.0
1124210,306028,14.0
1124210,537640,14.0
1124210,312923,14.0
1124210,502056,14.0
1124210,471410,14.0
1124210,146899,14.0
1124210,702178,14.0
1129237,1007582,22.0
1129237,1007559,15.0
1129237,1007656,15.0
1129237,942209,14.0
1129237,1007544,12.0
1129237,128984,12.0
1129237,1007616,12.0
1129237,1007571,11.0
1129237,275589,11.0
1129237,985331,11.0
1129237,367923,10.0
1129237,155337,10.0
1129237,302503,10.0
1129237,298113,10.0
1129237,978100,10.0
1129237,542645,10.0
1129237,445759,10.0
1129237,1007652,10.0
1129237,1007587,10.0
1129237,965671,10.0
1129237,493608,9.0
1129237,392579,9.0
1129237,1007595,9.0
1129237,459157,9.0
1129237,501232,9.0
1129237,421580,9.0
1129237,713368,9.0
1129237,262492,9.0
1129237,718424,9.0
1129237,228318,9.0
1129237,228321,9.0
1129237,184768,9.0
1129237,892136,9.0
1129237,600869,9.0
1129237,650568,9.0
1129237,835946,9.0
1129237,949403,9.0
1129237,151497,9.0
1129237,386037,9.0
1129237,689942,8.0
1129237,689943,8.0
1129237,739934,8.0
1129237,148812,8.0
1129237,485649,8.0
1129237,732724,8.0
1129237,463333,8.0
1129237,868630,8.0
1129237,470906,8.0
1129237,151498,8.0
1129237,463337,8.0
1129237,460182,8.0
1129237,130312,8.0
1129237,650565,8.0
1129237,860004,8.0
1129237,604864,8.0
1129237,1000080,8.0
1129237,834589,8.0
1129237,228319,8.0
1129237,892134,8.0
1129237,929439,8.0
1129237,925495,8.0
1129237,634037,8.0
1129237,445756,8.0
1129237,161074,8.0
1129237,317466,8.0
1129237,710733,8.0
1129237,713372,8.0
1129237,1007631,8.0
1129237,1007577,8.0
1129237,1007580,8.0
1129237,1007586,8.0
1129237,350,8.0
1129237,1007560,8.0
1129237,631588,8.0
1129237,664279,8.0
1129237,184210,8.0
1129237,898257,8.0
1129237,1007613,8.0
1129237,302210,8.0
1129237,500052,8.0
1129237,676467,8.0
1129237,910187,8.0
1129237,383752,8.0
1129237,806184,8.0
1129237,683462,8.0
1129237,542639,8.0
1129237,797349,8.0
1129237,197627,8.0
1129237,689940,8.0
1129237,1007647,8.0
1129237,153237,8.0
1129237,255852,8.0
1129237,853879,8.0
1129237,636442,8.0
1129237,868629,8.0
1129237,459155,8.0
1129237,742407,8.0
1129237,263485,8.0
1129237,474228,7.0
1129237,474233,7.0
1133167,1007962,16.0
1133167,877754,16.0
1133167,1007733,16.0
1133167,799305,16.0
1133167,160394,15.0
1133167,420377,15.0
1133167,1008033,14.0
1133167,1007891,14.0
1133167,306913,14.0
1133167,1007732,14.0
1133167,905359,13.0
1133167,902618,13.0
1133167,824021,13.0
1133167,954549,13.0
1133167,491496,13.0
1133167,429101,13.0
1133167,727759,13.0
1133167,1007939,13.0
1133167,154741,12.0
1133167,154739,12.0
1133167,951486,12.0
1133167,1007799,12.0
1133167,542157,12.0
1133167,430959,12.0
1133167,835505,12.0
1133167,521456,12.0
1133167,565979,12.0
1133167,460549,12.0
1133167,724864,12.0
1133167,222860,12.0
1133167,36882,12.0
1133167,799301,11.0
1133167,381836,11.0
1133167,799302,11.0
1133167,1008049,11.0
1133167,908615,11.0
1133167,830531,11.0
1133167,429105,11.0
1133167,707533,11.0
1133167,498462,11.0
1133167,1007965,11.0
1133167,951487,11.0
1133167,727758,11.0
1133167,118807,10.0
1133167,16525,10.0
1133167,293034,10.0
1133167,980611,10.0
1133167,699302,10.0
1133167,991527,10.0
1133167,701887,10.0
1133167,568466,10.0
1133167,72421,10.0
1133167,198293,10.0
1133167,1007778,10.0
1133167,752280,10.0
1133167,234045,10.0
1133167,383963,10.0
1133167,232756,10.0
1133167,183080,10.0
1133167,346427,10.0
1133167,376857,10.0
1133167,432969,10.0
1133167,774692,10.0
1133167,504178,10.0
1133167,506430,10.0
1133167,1007797,10.0
1133167,409137,10.0
1133167,956313,10.0
1133167,746998,10.0
1133167,79934,10.0
1133167,408619,10.0
1133167,732108,10.0
1133167,83710,10.0
1133167,16524,9.0
1133167,863694,9.0
1133167,285337,9.0
1133167,661070,9.0
1133167,973245,9.0
1133167,429103,9.0
1133167,746995,9.0
1133167,344362,9.0
1133167,256469,9.0
1133167,346428,9.0
1133167,827960,9.0
1133167,255218,9.0
1133167,993559,9.0
1133167,469659,9.0
1133167,156734,9.0
1133167,188660,9.0
1133167,781690,9.0
1133167,449270,9.0
1133167,368788,9.0
1133167,815473,9.0
1133167,1007701,9.0
1133167,370971,9.0
1133167,995370,9.0
1133167,951489,9.0
1133167,951296,9.0
1133167,585179,9.0
1133167,668374,9.0
